tourney_id,tourney_name,surface,draw_size,tourney_level,tourney_date,match_num,winner1_id,winner2_id,winner_seed,winner_entry,loser1_id,loser2_id,loser_seed,loser_entry,score,best_of,round,winner1_name,winner1_hand,winner1_ht,winner1_ioc,winner1_age,winner2_name,winner2_hand,winner2_ht,winner2_ioc,winner2_age,loser1_name,loser1_hand,loser1_ht,loser1_ioc,loser1_age,loser2_name,loser2_hand,loser2_ht,loser2_ioc,loser2_age,winner1_rank,winner1_rank_points,winner2_rank,winner2_rank_points,loser1_rank,loser1_rank_points,loser2_rank,loser2_rank_points,minutes,w_ace,w_df,w_svpt,w_1stIn,w_1stWon,w_2ndWon,w_SvGms,w_bpSaved,w_bpFaced,l_ace,l_df,l_svpt,l_1stIn,l_1stWon,l_2ndWon,l_SvGms,l_bpSaved,l_bpFaced
2020-0451,Doha,Hard,32,A,20200106,269,103523,105323,3,,106382,104136,,,3-6 6-2 (10-6),3,F,Rohan Bopanna,R,190,IND,39.84120465,Wesley Koolhof,R,,NED,30.72142368,Luke Bambridge,R,,GBR,24.95824778,Santiago Gonzalez,R,190,MEX,36.86516085,42,1905,18,3660,51,1530,49,1613,72,3,1,53,39,26,9,8,0,1,2,1,57,36,24,9,9,2,4
2020-0451,Doha,Hard,32,A,20200106,268,106382,104136,,,104233,105047,,,2-6 6-2 (10-4),3,SF,Luke Bambridge,R,,GBR,24.95824778,Santiago Gonzalez,R,190,MEX,36.86516085,Frederik Nielsen,R,190,DEN,36.3613963,Tim Puetz,R,,GER,32.13141684,51,1530,49,1613,45,1725,62,1340,64,6,1,45,34,28,5,8,2,4,1,3,49,33,21,8,8,0,2
2020-0451,Doha,Hard,32,A,20200106,267,103523,105323,3,,105573,105015,2,,7-5 6-2,3,SF,Rohan Bopanna,R,190,IND,39.84120465,Wesley Koolhof,R,,NED,30.72142368,Henri Kontinen,R,,FIN,29.54962355,Franco Skugor,R,193,CRO,32.29568789,42,1905,18,3660,16,3750,35,2630,70,0,1,53,35,27,13,10,3,3,3,0,56,36,23,9,10,4,7
2020-0451,Doha,Hard,32,A,20200106,266,104233,105047,,,106207,103946,1,,4-6 6-2 (10-7),3,QF,Frederik Nielsen,R,190,DEN,36.3613963,Tim Puetz,R,,GER,32.13141684,Mate Pavic,L,,CRO,26.50787132,Bruno Soares,R,180,BRA,37.85626283,45,1725,62,1340,17,3740,21,3570,73,3,4,60,46,34,5,9,9,11,3,3,60,40,27,9,9,4,7
2020-0451,Doha,Hard,32,A,20200106,265,106382,104136,,,104871,104802,4,,6-3 7-6(7),3,QF,Luke Bambridge,R,,GBR,24.95824778,Santiago Gonzalez,R,190,MEX,36.86516085,Jeremy Chardy,R,188,FRA,32.89801506,Fabrice Martin,R,,FRA,33.31964408,51,1530,49,1613,30,3190,29,3225,84,3,4,71,46,39,12,11,7,7,5,1,66,51,36,9,10,2,3
2020-0451,Doha,Hard,32,A,20200106,264,103523,105323,3,,126207,104527,,,6-3 6-4,3,QF,Rohan Bopanna,R,190,IND,39.84120465,Wesley Koolhof,R,,NED,30.72142368,Francis Tiafoe,R,,USA,21.96030116,Stanislas Wawrinka,R,183,SUI,34.7761807,42,1905,18,3660,440,90,287,180,48,3,2,52,37,30,7,10,1,2,4,2,40,25,17,7,9,0,3
2020-0451,Doha,Hard,32,A,20200106,263,105573,105015,2,,104159,105439,,,6-7(2) 6-4 (13-11),3,QF,Henri Kontinen,R,,FIN,29.54962355,Franco Skugor,R,193,CRO,32.29568789,Ken Skupski,L,185,GBR,36.74469541,Neal Skupski,R,,GBR,30.0971937,16,3750,35,2630,50,1573,31,3075,103,7,4,75,50,43,11,11,2,3,1,2,78,56,39,14,11,1,3
2020-0451,Doha,Hard,32,A,20200106,262,106207,103946,1,,106078,105062,,Alt,6-2 6-4,3,R32,Mate Pavic,L,,CRO,26.50787132,Bruno Soares,R,180,BRA,37.85626283,Egor Gerasimov,R,,BLR,27.15126626,Mikhail Kukushkin,R,183,KAZ,32.03011636,17,3740,21,3570,1122,17,138,540,32,2,2,44,34,22,6,9,3,5,0,0,43,38,15,3,9,1,6
2020-0451,Doha,Hard,32,A,20200106,261,104233,105047,,,105269,104235,,,7-6(10) 6-7(5) (10-7),3,R32,Frederik Nielsen,R,190,DEN,36.3613963,Tim Puetz,R,,GER,32.13141684,Marcelo Demoliner,R,,BRA,30.9650924,Matwe Middelkoop,R,,NED,36.34223135,45,1725,62,1340,44,1755,55,1450,110,5,2,91,69,51,12,12,6,8,5,4,91,61,44,17,12,8,10
2020-0451,Doha,Hard,32,A,20200106,260,104871,104802,4,,104690,104677,,PR,7-6(4) 6-2,3,R32,Jeremy Chardy,R,188,FRA,32.89801506,Fabrice Martin,R,,FRA,33.31964408,Divij Sharan,L,,IND,33.84804928,Artem Sitak,R,,NZL,33.908282,30,3190,29,3225,52,1528,61,1345,75,8,1,56,31,25,19,10,0,0,1,0,59,37,24,14,10,5,7
2020-0451,Doha,Hard,32,A,20200106,259,106382,104136,,,105575,105683,,,5-7 7-6(5) (10-5),3,R32,Luke Bambridge,R,,GBR,24.95824778,Santiago Gonzalez,R,190,MEX,36.86516085,Ricardas Berankis,R,175,LTU,29.54414784,Milos Raonic,R,196,CAN,29.02669405,51,1530,49,1613,292,180,700,45,96,5,3,76,46,35,20,12,4,7,4,3,80,55,42,11,12,3,5
2020-0451,Doha,Hard,32,A,20200106,258,126207,104527,,,122330,126094,,,6-3 7-6(6),3,R32,Francis Tiafoe,R,,USA,21.96030116,Stanislas Wawrinka,R,183,SUI,34.7761807,Alexander Bublik,R,,KAZ,22.55441478,Andrey Rublev,R,,RUS,22.21218344,440,90,287,180,339,135,74,1050,64,4,1,62,46,32,10,10,3,4,3,7,62,32,25,13,11,1,4
2020-0451,Doha,Hard,32,A,20200106,257,103523,105323,3,,106065,132283,,,6-3 6-2,3,R32,Rohan Bopanna,R,190,IND,39.84120465,Wesley Koolhof,R,,NED,30.72142368,Marco Cecchinato,R,,ITA,27.26625599,Lorenzo Sonego,R,,ITA,24.65708419,42,1905,18,3660,451,90,449,90,56,3,3,55,32,23,12,9,6,7,2,4,40,28,16,3,8,2,6
2020-0451,Doha,Hard,32,A,20200106,256,104159,105439,,,105379,111513,,,6-7(2) 6-4 (10-5),3,R32,Ken Skupski,L,185,GBR,36.74469541,Neal Skupski,R,,GBR,30.0971937,Aljaz Bedene,R,181,SLO,30.46954141,Laslo Djere,R,,SRB,24.59685147,50,1573,31,3075,447,90,,,96,3,3,73,52,37,13,11,4,5,2,0,75,51,32,14,11,3,5
2020-0451,Doha,Hard,32,A,20200106,255,105573,105015,2,,104291,209327,,WC,6-3 6-1,3,R32,Henri Kontinen,R,,FIN,29.54962355,Franco Skugor,R,193,CRO,32.29568789,Malek Jaziri,R,185,TUN,35.96167009,Rashed Nawaf,R,,QAT,,16,3750,35,2630,169,405,1907,2,43,6,0,36,26,24,8,8,1,1,2,3,45,33,17,5,8,1,5
2020-M056,Adelaide,Hard,32,A,20200113,269,104216,104802,,,104471,104583,4,,7-6(12) 6-3,3,F,Maximo Gonzalez,R,175,ARG,36.48459959,Fabrice Martin,R,,FRA,33.33880903,Ivan Dodig,R,183,CRO,35.02806297,Filip Polasek,R,196,SVK,34.48049281,33,2775,30,3225,12,4270,13,4220,105,4,3,74,60,44,9,11,7,8,9,3,69,43,35,12,10,4,6
2020-M056,Adelaide,Hard,32,A,20200113,268,104471,104583,4,,104679,105439,,,5-7 6-3 (15-13),3,SF,Ivan Dodig,R,183,CRO,35.02806297,Filip Polasek,R,196,SVK,34.48049281,Jamie Murray,L,190,GBR,33.9137577,Neal Skupski,R,,GBR,30.11635866,12,4270,13,4220,25,3395,31,3075,109,4,6,77,36,29,24,11,7,8,0,4,64,41,37,13,10,2,3
2020-M056,Adelaide,Hard,32,A,20200113,267,104216,104802,,,104330,110749,,,6-3 6-4,3,SF,Maximo Gonzalez,R,175,ARG,36.48459959,Fabrice Martin,R,,FRA,33.33880903,Rajeev Ram,R,193,USA,35.8220397,Joe Salisbury,U,,GBR,27.73169062,33,2775,30,3225,22,3540,21,3570,66,4,0,56,41,29,11,10,5,5,2,1,50,39,27,5,9,4,6
2020-M056,Adelaide,Hard,32,A,20200113,266,104679,105439,,,103781,104273,,,6-3 1-6 (13-11),3,QF,Jamie Murray,L,190,GBR,33.9137577,Neal Skupski,R,,GBR,30.11635866,Jurgen Melzer,L,183,AUT,38.64476386,Edouard Roger Vasselin,R,188,FRA,36.12594114,25,3395,31,3075,36,2445,16,3770,79,1,3,60,49,31,5,8,6,8,1,1,59,45,28,10,8,5,6
2020-M056,Adelaide,Hard,32,A,20200113,265,104471,104583,4,,106426,106228,,,6-4 6-3,3,QF,Ivan Dodig,R,183,CRO,35.02806297,Filip Polasek,R,196,SVK,34.48049281,Christian Garin,R,,CHI,23.62217659,Juan Ignacio Londero,R,,ARG,26.41204654,12,4270,13,4220,299,175,345,135,65,7,4,50,31,27,8,9,1,2,1,2,58,44,25,9,10,4,8
2020-M056,Adelaide,Hard,32,A,20200113,264,104330,110749,,,105323,105254,,,6-4 6-3,3,QF,Rajeev Ram,R,193,USA,35.8220397,Joe Salisbury,U,,GBR,27.73169062,Wesley Koolhof,R,,NED,30.74058864,Nikola Mektic,R,,CRO,31.05270363,22,3540,21,3570,14,3820,15,3810,67,3,1,54,42,31,9,10,6,6,2,1,49,32,22,9,9,7,9
2020-M056,Adelaide,Hard,32,A,20200113,263,104216,104802,,,103997,104249,2,,6-4 7-5,3,QF,Maximo Gonzalez,R,175,ARG,36.48459959,Fabrice Martin,R,,FRA,33.33880903,Lukasz Kubot,R,190,POL,37.66187543,Marcelo Melo,R,203,BRA,36.30663929,33,2775,30,3225,5,5090,7,4910,89,4,0,62,47,33,7,11,4,7,3,1,62,37,21,13,11,5,10
2020-M056,Adelaide,Hard,32,A,20200113,262,103781,104273,,,144750,105441,,Alt,6-3 6-3,3,R32,Jurgen Melzer,L,183,AUT,38.64476386,Edouard Roger Vasselin,R,188,FRA,36.12594114,Lloyd George Muirhead Harris,R,,RSA,22.88295688,John Patrick Smith,L,,AUS,30.10814511,36,2445,16,3770,365,123,101,840,56,2,2,48,41,29,5,9,7,8,6,3,51,35,25,4,9,0,4
2020-M056,Adelaide,Hard,32,A,20200113,261,104679,105439,,,105269,104235,,,6-3 4-6 (10-4),3,R32,Jamie Murray,L,190,GBR,33.9137577,Neal Skupski,R,,GBR,30.11635866,Marcelo Demoliner,R,,BRA,30.98425736,Matwe Middelkoop,R,,NED,36.3613963,25,3395,31,3075,47,1700,55,1450,87,0,3,64,39,27,14,10,10,11,1,2,55,29,19,17,9,0,1
2020-M056,Adelaide,Hard,32,A,20200113,260,104471,104583,4,,104589,102963,,PR,6-3 7-6(1),3,R32,Ivan Dodig,R,183,CRO,35.02806297,Filip Polasek,R,196,SVK,34.48049281,Chris Guccione,L,201,AUS,34.45585216,Robert Lindstedt,R,190,SWE,42.81998631,12,4270,13,4220,367,120,72,1090,75,3,0,54,33,29,16,11,0,1,3,1,57,40,28,9,10,1,3
2020-M056,Adelaide,Hard,32,A,20200113,259,106426,106228,,,103720,111442,,WC,6-3 2-6 (10-7),3,R32,Christian Garin,R,,CHI,23.62217659,Juan Ignacio Londero,R,,ARG,26.41204654,Lleyton Hewitt,R,180,AUS,38.88295688,Jordan Thompson,R,,AUS,25.73305955,299,175,345,135,450,90,227,270,66,2,1,56,37,26,10,9,0,2,2,2,53,35,25,9,8,3,4
2020-M056,Adelaide,Hard,32,A,20200113,258,104330,110749,,,105433,103938,,,6-2 6-3,3,R32,Rajeev Ram,R,193,USA,35.8220397,Joe Salisbury,U,,GBR,27.73169062,Roman Jebavy,R,,CZE,30.15742642,Igor Zelenay,R,198,SVK,37.92197125,22,3540,21,3570,63,1276,64,1255,55,2,1,39,25,21,11,8,2,2,3,4,48,27,19,7,9,3,7
2020-M056,Adelaide,Hard,32,A,20200113,257,105323,105254,,,105906,105617,3,,7-6(3) 6-2,3,R32,Wesley Koolhof,R,,NED,30.74058864,Nikola Mektic,R,,CRO,31.05270363,Kevin Krawietz,R,190,GER,27.96988364,Andreas Mies,U,,GER,29.3963039,14,3820,15,3810,8,4660,10,4500,88,2,2,64,37,28,15,10,6,7,0,2,65,47,27,10,10,6,9
2020-M056,Adelaide,Hard,32,A,20200113,256,104216,104802,,,106109,200615,,WC,6-4 6-3,3,R32,Maximo Gonzalez,R,175,ARG,36.48459959,Fabrice Martin,R,,FRA,33.33880903,Alex Bolt,L,,AUS,27.01984942,Alexei Popyrin,R,,AUS,20.44079398,33,2775,30,3225,281,188,273,197,61,2,1,49,31,27,8,9,2,3,4,3,56,33,24,10,10,5,9
2020-M056,Adelaide,Hard,32,A,20200113,255,103997,104249,2,,104071,103594,,,6-2 6-4,3,R32,Lukasz Kubot,R,190,POL,37.66187543,Marcelo Melo,R,203,BRA,36.30663929,Raven Klaasen,R,180,RSA,37.24298426,Oliver Marach,R,185,AUT,39.4934976,5,5090,7,4910,9,4595,32,3060,73,3,3,50,28,20,15,9,1,2,1,0,46,30,18,8,9,6,10
2020-0301,Auckland,Hard,32,A,20200113,269,106382,110758,,,105428,104667,,,7-6(3) 6-3,3,F,Luke Bambridge,R,,GBR,24.97741273,Ben Mclachlan,R,,NZL,27.67693361,Marcus Daniell,R,190,NZL,30.17659138,Philipp Oswald,R,,AUT,33.97125257,50,1635,51,1610,48,1695,41,1955,82,8,2,60,44,35,12,11,0,1,4,2,61,49,36,4,10,4,6
2020-0301,Auckland,Hard,32,A,20200113,268,106382,110758,,,105695,126115,,,7-6(5) 7-6(4),3,SF,Luke Bambridge,R,,GBR,24.97741273,Ben Mclachlan,R,,NZL,27.67693361,Sander Gille,R,,BEL,28.99383984,Joran Vliegen,U,,BEL,26.51882272,50,1635,51,1610,43,1781,38,2096,110,8,3,76,49,39,19,12,1,1,4,5,77,49,41,14,12,6,6
2020-0301,Auckland,Hard,32,A,20200113,267,105428,104667,,,105572,105015,4,,6-2 7-6(5),3,SF,Marcus Daniell,R,190,NZL,30.17659138,Philipp Oswald,R,,AUT,33.97125257,Austin Krajicek,L,,USA,29.57700205,Franco Skugor,R,193,CRO,32.31485284,48,1695,41,1955,42,1925,35,2720,83,1,1,57,37,30,14,10,1,1,4,1,57,41,29,8,10,2,4
2020-0301,Auckland,Hard,32,A,20200113,266,105695,126115,,,104690,104677,,,5-7 7-6(3) (11-9),3,QF,Sander Gille,R,,BEL,28.99383984,Joran Vliegen,U,,BEL,26.51882272,Divij Sharan,L,,IND,33.86721424,Artem Sitak,R,,NZL,33.92744695,43,1781,38,2096,53,1528,62,1325,110,5,3,81,53,37,17,12,3,6,5,3,77,52,39,11,12,0,2
2020-0301,Auckland,Hard,32,A,20200113,265,106382,110758,,,103523,105573,3,,6-3 6-4,3,QF,Luke Bambridge,R,,GBR,24.97741273,Ben Mclachlan,R,,NZL,27.67693361,Rohan Bopanna,R,190,IND,39.86036961,Henri Kontinen,R,,FIN,29.5687885,50,1635,51,1610,37,2110,17,3750,59,4,1,50,28,20,16,10,1,2,1,2,47,35,25,5,9,1,4
2020-0301,Auckland,Hard,32,A,20200113,264,105572,105015,4,,104693,103529,,,6-2 6-2,3,QF,Austin Krajicek,L,,USA,29.57700205,Franco Skugor,R,193,CRO,32.31485284,Dominic Inglot,R,,GBR,33.85626283,Aisam Ul Haq Qureshi,R,183,PAK,39.82477755,42,1925,35,2720,58,1385,54,1525,53,3,1,41,29,25,7,8,4,4,5,2,44,27,17,10,8,4,8
2020-0301,Auckland,Hard,32,A,20200113,263,105428,104667,,,104233,105047,,,4-6 6-1 (10-7),3,QF,Marcus Daniell,R,190,NZL,30.17659138,Philipp Oswald,R,,AUT,33.97125257,Frederik Nielsen,R,190,DEN,36.38056126,Tim Puetz,R,,GER,32.15058179,48,1695,41,1955,44,1770,57,1405,68,4,2,57,38,30,12,9,1,2,2,2,54,40,29,6,8,1,3
2020-0301,Auckland,Hard,32,A,20200113,262,104690,104677,,,105188,105030,1,,7-6(4) 7-6(3),3,R32,Divij Sharan,L,,IND,33.86721424,Artem Sitak,R,,NZL,33.92744695,John Peers,R,,AUS,31.46885695,Michael Venus,R,,NZL,32.24366872,53,1528,62,1325,23,3460,11,4380,94,3,3,81,48,35,19,12,6,9,5,4,72,51,33,12,12,3,6
2020-0301,Auckland,Hard,32,A,20200113,261,105695,126115,,,104919,105311,,,W/O,3,R32,Sander Gille,R,,BEL,28.99383984,Joran Vliegen,U,,BEL,26.51882272,Leonardo Mayer,R,188,ARG,32.66529774,Joao Sousa,R,185,POR,30.78986995,43,1781,38,2096,60,1349,39,2070,0,0,0,0,0,0,0,0,0,0,0,0,0,0,0,0,0,0,0
2020-0301,Auckland,Hard,32,A,20200113,260,103523,105573,3,,111815,144650,,WC,6-4 6-2,3,R32,Rohan Bopanna,R,190,IND,39.86036961,Henri Kontinen,R,,FIN,29.5687885,Cameron Norrie,L,,GBR,24.39151266,Rhett Purcell,R,,GBR,23.93429158,37,2110,17,3750,159,450,397,108,54,3,1,44,25,23,13,9,0,0,3,0,50,38,25,5,9,7,10
2020-0301,Auckland,Hard,32,A,20200113,259,106382,110758,,,111456,208055,,WC,6-3 7-5,3,R32,Luke Bambridge,R,,GBR,24.97741273,Ben Mclachlan,R,,NZL,27.67693361,Mackenzie Mcdonald,R,,USA,24.74469541,Ajeet Rai,R,,NZL,20.98562628,50,1635,51,1610,293,180,965,25,68,6,2,59,38,32,11,11,1,2,6,1,56,42,25,8,10,3,6
2020-0301,Auckland,Hard,32,A,20200113,258,104693,103529,,,106198,106329,,,6-3 6-4,3,R32,Dominic Inglot,R,,GBR,33.85626283,Aisam Ul Haq Qureshi,R,183,PAK,39.82477755,Hugo Dellien,R,,BOL,26.57631759,Thiago Monteiro,L,,BRA,25.62080767,58,1385,54,1525,257,215,538,69,58,4,1,48,36,31,9,10,2,2,4,4,54,39,29,3,9,6,8
2020-0301,Auckland,Hard,32,A,20200113,257,105572,105015,4,,104136,104159,,,7-5 7-6(6),3,R32,Austin Krajicek,L,,USA,29.57700205,Franco Skugor,R,193,CRO,32.31485284,Santiago Gonzalez,R,190,MEX,36.8843258,Ken Skupski,L,185,GBR,36.76386037,42,1925,35,2720,45,1763,52,1528,99,3,0,73,45,33,19,12,3,4,3,3,78,55,39,10,12,10,12
2020-0301,Auckland,Hard,32,A,20200113,256,105428,104667,,,104620,104926,,,6-3 1-1 RET,3,R32,Marcus Daniell,R,190,NZL,30.17659138,Philipp Oswald,R,,AUT,33.97125257,Simone Bolelli,R,183,ITA,34.2642026,Fabio Fognini,R,178,ITA,32.64065708,48,1695,41,1955,84,981,136,575,38,2,0,30,24,18,4,6,0,1,1,3,33,25,12,4,5,1,3
2020-0301,Auckland,Hard,32,A,20200113,255,104233,105047,,,106207,103946,2,,6-7(5) 6-3 (10-7),3,R32,Frederik Nielsen,R,190,DEN,36.38056126,Tim Puetz,R,,GER,32.15058179,Mate Pavic,L,,CRO,26.52703628,Bruno Soares,R,180,BRA,37.87542779,44,1770,57,1405,18,3740,24,3410,87,4,2,70,51,40,12,10,6,6,3,1,73,50,37,14,11,3,5
2020-9158,Cordoba,Clay,32,A,20200203,269,105269,104235,3,,104919,105120,4,,6-3 7-6(4),3,F,Marcelo Demoliner,R,,BRA,31.04175222,Matwe Middelkoop,R,,NED,36.41889117,Leonardo Mayer,R,188,ARG,32.72279261,Andres Molteni,R,,ARG,31.88774812,58,1530,59,1460,116,719,55,1605,87,1,1,62,45,35,14,11,2,2,4,1,63,44,32,10,10,6,7
2020-9158,Cordoba,Clay,32,A,20200203,268,104919,105120,4,,104216,104802,1,,6-4 3-6 (10-8),3,SF,Leonardo Mayer,R,188,ARG,32.72279261,Andres Molteni,R,,ARG,31.88774812,Maximo Gonzalez,R,175,ARG,36.54209446,Fabrice Martin,R,,FRA,33.3963039,116,719,55,1605,32,2890,22,3395,87,5,1,60,45,34,7,9,4,5,0,1,63,45,33,10,10,5,6
2020-9158,Cordoba,Clay,32,A,20200203,267,105269,104235,3,,105431,105271,,,6-4 6-3,3,SF,Marcelo Demoliner,R,,BRA,31.04175222,Matwe Middelkoop,R,,NED,36.41889117,Ariel Behar,R,,URU,30.22587269,Gonzalo Escobar,L,,ECU,31.03627652,58,1530,59,1460,74,1109,71,1157,69,2,1,53,33,25,13,10,5,6,0,2,51,32,21,9,9,3,6
2020-9158,Cordoba,Clay,32,A,20200203,266,104216,104802,1,,106065,105077,,,W/O,3,QF,Maximo Gonzalez,R,175,ARG,36.54209446,Fabrice Martin,R,,FRA,33.3963039,Marco Cecchinato,R,,ITA,27.34291581,Albert Ramos,L,188,ESP,32.04654346,32,2890,22,3395,417,100,273,190,0,0,0,0,0,0,0,0,0,0,0,0,0,0,0,0,0,0,0
2020-9158,Cordoba,Clay,32,A,20200203,265,104919,105120,4,,105487,105550,,,W/O,3,QF,Leonardo Mayer,R,188,ARG,32.72279261,Andres Molteni,R,,ARG,31.88774812,Facundo Bagnis,L,,ARG,29.93292266,Guido Pella,L,185,ARG,29.71663244,116,719,55,1605,213,305,60,1440,0,0,0,0,0,0,0,0,0,0,0,0,0,0,0,0,0,0,0
2020-9158,Cordoba,Clay,32,A,20200203,264,105269,104235,3,,105943,124079,,Alt,7-6(5) 6-2,3,QF,Marcelo Demoliner,R,,BRA,31.04175222,Matwe Middelkoop,R,,NED,36.41889117,Federico Gaio,R,,ITA,27.91512663,Pedro Martinez Portero,R,,ESP,22.77344285,58,1530,59,1460,855,32,193,358,68,5,2,62,44,33,11,10,5,5,1,3,65,44,34,7,10,5,7
2020-9158,Cordoba,Clay,32,A,20200203,263,105431,105271,,,106329,105262,,,4-6 6-3 (13-11),3,QF,Ariel Behar,R,,URU,30.22587269,Gonzalo Escobar,L,,ECU,31.03627652,Thiago Monteiro,L,,BRA,25.67830253,Fernando Romboli,R,180,BRA,31.08008214,74,1109,71,1157,755,40,100,845,81,2,2,63,46,34,12,10,1,2,3,1,57,40,30,9,9,1,2
2020-9158,Cordoba,Clay,32,A,20200203,262,104216,104802,1,,104665,104547,,,6-3 6-2,3,R32,Maximo Gonzalez,R,175,ARG,36.54209446,Fabrice Martin,R,,FRA,33.3963039,Pablo Andujar,R,180,ESP,34.02874743,Horacio Zeballos,L,188,ARG,34.770705,32,2890,22,3395,1374,10,3,5430,57,5,1,47,35,28,8,9,2,2,1,1,44,28,20,7,8,0,3
2020-9158,Cordoba,Clay,32,A,20200203,261,106065,105077,,,104600,200225,,,6-4 3-6 (10-6),3,R32,Marco Cecchinato,R,,ITA,27.34291581,Albert Ramos,L,188,ESP,32.04654346,Treat Conrad Huey,L,178,PHI,34.43394935,Nathaniel Lammons,U,,USA,26.47775496,417,100,273,190,157,463,115,725,66,2,1,61,40,28,13,9,3,4,7,2,63,46,35,7,10,2,3
2020-9158,Cordoba,Clay,32,A,20200203,260,104919,105120,4,,105160,106228,,,6-3 1-6 (10-5),3,R32,Leonardo Mayer,R,188,ARG,32.72279261,Andres Molteni,R,,ARG,31.88774812,Guillermo Duran,R,,ARG,31.6605065,Juan Ignacio Londero,R,,ARG,26.46954141,116,719,55,1605,87,933,275,190,69,3,6,54,38,26,7,8,5,7,2,1,48,38,25,7,8,4,5
2020-9158,Cordoba,Clay,32,A,20200203,259,105487,105550,,,104655,106198,,,6-4 7-5,3,R32,Facundo Bagnis,L,,ARG,29.93292266,Guido Pella,L,185,ARG,29.71663244,Pablo Cuevas,R,180,URU,34.08898015,Hugo Dellien,R,,BOL,26.63381246,213,305,60,1440,119,715,261,210,75,0,1,64,47,32,12,11,4,4,4,3,64,42,32,7,11,4,6
2020-9158,Cordoba,Clay,32,A,20200203,258,105943,124079,,Alt,105948,106426,,,7-6(5) 6-1,3,R32,Federico Gaio,R,,ITA,27.91512663,Pedro Martinez Portero,R,,ESP,22.77344285,Federico Coria,R,,ARG,27.90417522,Christian Garin,R,,CHI,23.67967146,855,32,193,358,1214,15,252,220,69,3,4,58,40,34,10,10,2,2,1,3,58,42,27,7,9,8,10
2020-9158,Cordoba,Clay,32,A,20200203,257,105269,104235,3,,106398,126663,,WC,6-1 6-1,3,R32,Marcelo Demoliner,R,,BRA,31.04175222,Matwe Middelkoop,R,,NED,36.41889117,Pedro Cachin,R,,ARG,24.81314168,Juan Pablo Ficovich,R,,ARG,23.02532512,58,1530,59,1460,372,116,821,35,41,1,1,37,28,24,4,7,1,1,0,1,41,31,15,4,7,7,12
2020-9158,Cordoba,Clay,32,A,20200203,256,106329,105262,,,105561,126149,,Alt,W/O,3,R32,Thiago Monteiro,L,,BRA,25.67830253,Fernando Romboli,R,180,BRA,31.08008214,Alessandro Giannessi,L,183,ITA,29.68104038,Gianluca Mager,R,,ITA,25.17453799,755,40,100,845,,,380,112,0,0,0,0,0,0,0,0,0,0,0,0,0,0,0,0,0,0,0
2020-9158,Cordoba,Clay,32,A,20200203,255,105431,105271,,,105695,126115,2,,3-6 6-3 (11-9),3,R32,Ariel Behar,R,,URU,30.22587269,Gonzalo Escobar,L,,ECU,31.03627652,Sander Gille,R,,BEL,29.0513347,Joran Vliegen,U,,BEL,26.57631759,74,1109,71,1157,45,1868,37,2183,74,3,1,55,42,35,5,9,4,5,3,2,59,40,31,11,9,1,2
2020-0375,Montpellier,Hard,32,A,20200203,269,105677,106207,,,104693,103529,,,6-4 6-7(4) (10-4),3,F,Nikola Cacic,R,,SRB,29.15811088,Mate Pavic,L,,CRO,26.58453114,Dominic Inglot,R,,GBR,33.9137577,Aisam Ul Haq Qureshi,R,183,PAK,39.88227242,73,1117,15,3830,65,1335,56,1560,89,10,0,67,51,44,10,11,4,4,7,0,73,53,39,11,11,4,5
2020-0375,Montpellier,Hard,32,A,20200203,268,105677,106207,,,105493,105302,,,7-6(3) 7-5,3,SF,Nikola Cacic,R,,SRB,29.15811088,Mate Pavic,L,,CRO,26.58453114,Tomislav Brkic,R,,BIH,29.90554415,Ante Pavic,R,,CRO,30.91033539,73,1117,15,3830,107,772,106,781,98,7,2,65,51,43,8,12,3,4,4,2,73,46,31,15,12,0,2
2020-0375,Montpellier,Hard,32,A,20200203,267,104693,103529,,,104679,105439,4,,4-6 7-6(5) (10-5),3,SF,Dominic Inglot,R,,GBR,33.9137577,Aisam Ul Haq Qureshi,R,183,PAK,39.88227242,Jamie Murray,L,190,GBR,33.97125257,Neal Skupski,R,,GBR,30.17385353,65,1335,56,1560,25,3125,28,3075,104,9,6,74,46,32,18,11,3,5,2,4,71,46,35,14,11,3,4
2020-0375,Montpellier,Hard,32,A,20200203,266,105677,106207,,,105906,103917,1,,6-4 7-5,3,QF,Nikola Cacic,R,,SRB,29.15811088,Mate Pavic,L,,CRO,26.58453114,Kevin Krawietz,R,190,GER,28.02737851,Nicolas Mahut,R,190,FRA,38.03422313,73,1117,15,3830,11,4490,6,5190,70,8,3,58,35,29,12,11,8,9,3,4,62,45,33,5,11,4,7
2020-0375,Montpellier,Hard,32,A,20200203,265,105493,105302,,,103781,104273,3,,6-4 2-6 (10-7),3,QF,Tomislav Brkic,R,,BIH,29.90554415,Ante Pavic,R,,CRO,30.91033539,Jurgen Melzer,L,183,AUT,38.70225873,Edouard Roger Vasselin,R,188,FRA,36.183436,107,772,106,781,35,2445,17,3770,78,7,5,62,42,30,6,9,9,12,4,1,56,39,24,10,9,3,5
2020-0375,Montpellier,Hard,32,A,20200203,264,104679,105439,4,,106049,106022,,,3-6 6-2 (10-2),3,QF,Jamie Murray,L,190,GBR,33.97125257,Neal Skupski,R,,GBR,30.17385353,Ivan Sabanov,R,,CRO,27.44147844,Matej Sabanov,R,,CRO,27.60848734,25,3125,28,3075,161,443,161,443,64,4,2,48,35,28,4,8,3,4,0,0,57,45,28,6,9,1,3
2020-0375,Montpellier,Hard,32,A,20200203,263,104693,103529,,,103828,104486,2,,7-6(4) 6-7(4) (11-9),3,QF,Dominic Inglot,R,,GBR,33.9137577,Aisam Ul Haq Qureshi,R,183,PAK,39.88227242,Jean Julien Rojer,R,183,AHO,38.4421629,Horia Tecau,R,193,ROU,35.03901437,65,1335,56,1560,19,3740,18,3740,106,12,5,83,50,40,23,12,6,6,7,1,77,49,43,19,12,0,0
2020-0375,Montpellier,Hard,32,A,20200203,262,105906,103917,1,,105173,105714,,,7-6(4) 4-6 (10-4),3,R32,Kevin Krawietz,R,190,GER,28.02737851,Nicolas Mahut,R,190,FRA,38.03422313,Adrian Mannarino,L,183,FRA,31.59753593,Hugo Nys,R,,MON,28.96372348,11,4490,6,5190,227,270,67,1273,84,2,5,72,46,36,17,11,2,4,6,3,67,40,31,18,11,2,3
2020-0375,Montpellier,Hard,32,A,20200203,261,105677,106207,,,104932,200384,,WC,6-4 6-4,3,R32,Nikola Cacic,R,,SRB,29.15811088,Mate Pavic,L,,CRO,26.58453114,Kenny De Schepper,L,203,FRA,32.6844627,Hugo Gaston,U,,FRA,19.35386721,73,1117,15,3830,,,647,51,66,4,0,55,37,30,10,10,3,3,3,1,59,48,31,4,10,8,10
2020-0375,Montpellier,Hard,32,A,20200203,260,103781,104273,3,,103852,104043,,WC,6-2 6-2,3,R32,Jurgen Melzer,L,183,AUT,38.70225873,Edouard Roger Vasselin,R,188,FRA,36.183436,Feliciano Lopez,L,188,ESP,38.37097878,Marc Lopez,R,175,ESP,37.51129363,35,2445,17,3770,51,1655,186,370,49,3,1,36,20,17,15,8,0,0,3,3,42,30,16,6,8,1,5
2020-0375,Montpellier,Hard,32,A,20200203,259,105493,105302,,,104620,105433,,,6-4 6-4,3,R32,Tomislav Brkic,R,,BIH,29.90554415,Ante Pavic,R,,CRO,30.91033539,Simone Bolelli,R,183,ITA,34.32169747,Roman Jebavy,R,,CZE,30.21492129,107,772,106,781,70,1161,66,1286,68,4,1,54,36,24,12,10,2,4,1,1,56,44,26,7,10,4,8
2020-0375,Montpellier,Hard,32,A,20200203,258,106049,106022,,,105807,105311,,,7-6(7) 7-6(8),3,R32,Ivan Sabanov,R,,CRO,27.44147844,Matej Sabanov,R,,CRO,27.60848734,Pablo Carreno Busta,R,188,ESP,28.56399726,Joao Sousa,R,185,POR,30.84736482,161,443,161,443,99,845,63,1360,98,1,3,82,62,46,11,12,2,3,8,1,86,57,40,17,12,8,9
2020-0375,Montpellier,Hard,32,A,20200203,257,104679,105439,4,,102382,110602,,Alt,6-1 6-0,3,R32,Jamie Murray,L,190,GBR,33.97125257,Neal Skupski,R,,GBR,30.17385353,Julian Knowle,L,188,AUT,45.76591376,Dennis Novak,R,,AUT,26.43394935,25,3125,28,3075,,,1201,15,39,5,0,31,24,22,2,6,2,2,1,6,39,25,9,5,7,1,7
2020-0375,Montpellier,Hard,32,A,20200203,256,104693,103529,,,122330,106000,,,6-7(5) 6-4 (12-10),3,R32,Dominic Inglot,R,,GBR,33.9137577,Aisam Ul Haq Qureshi,R,183,PAK,39.88227242,Alexander Bublik,R,,KAZ,22.63107461,Damir Dzumhur,R,172,BIH,27.70704997,65,1335,56,1560,96,855,,,97,4,0,79,52,36,16,11,4,5,5,5,79,52,41,10,11,2,4
2020-0375,Montpellier,Hard,32,A,20200203,255,103828,104486,2,,200000,133430,,,6-4 6-4,3,R32,Jean Julien Rojer,R,183,AHO,38.4421629,Horia Tecau,R,193,ROU,35.03901437,Felix Auger Aliassime,R,,CAN,19.4880219,Denis Shapovalov,L,,CAN,20.80492813,19,3740,18,3740,484,80,50,1715,78,3,2,62,39,27,13,10,7,7,8,4,51,30,22,11,10,7,9
2020-0891,Pune,Hard,32,A,20200203,269,122585,105464,,,102968,105781,3,,6-2 3-6 (10-8),3,F,Andre Goransson,U,,SWE,25.76317591,Christopher Rungkat,R,,INA,30.05338809,Jonathan Erlich,R,180,ISR,42.83093771,Andrei Vasilevski,R,,BLR,28.68720055,108,771,88,932,72,1152,93,866,71,0,3,54,37,27,11,8,6,7,8,1,59,48,33,5,9,4,6
2020-0891,Pune,Hard,32,A,20200203,268,122585,105464,,,106033,104398,,,6-4 7-6(1),3,SF,Andre Goransson,U,,SWE,25.76317591,Christopher Rungkat,R,,INA,30.05338809,Romain Arneodo,R,,FRA,27.49897331,Andre Begemann,R,188,GER,35.56194387,108,771,88,932,103,811,104,808,73,2,0,61,45,37,11,11,1,1,1,0,66,53,35,9,11,3,4
2020-0891,Pune,Hard,32,A,20200203,267,102968,105781,3,,104646,106368,,,7-6(3) 6-4,3,SF,Jonathan Erlich,R,180,ISR,42.83093771,Andrei Vasilevski,R,,BLR,28.68720055,Purav Raja,R,,IND,34.15742642,Ramkumar Ramanathan,R,,IND,25.23750856,72,1152,93,866,91,902,129,608,84,3,2,58,46,40,8,11,0,1,9,4,69,53,34,9,11,5,7
2020-0891,Pune,Hard,32,A,20200203,266,106033,104398,,,104898,102963,1,,6-3 6-3,3,QF,Romain Arneodo,R,,FRA,27.49897331,Andre Begemann,R,188,GER,35.56194387,Robin Haase,R,190,NED,32.82956879,Robert Lindstedt,R,190,SWE,42.87748118,103,811,104,808,34,2755,75,1100,59,3,1,47,31,23,9,9,0,1,0,6,51,31,18,8,9,6,10
2020-0891,Pune,Hard,32,A,20200203,265,122585,105464,,,126156,105332,,,6-3 6-3,3,QF,Andre Goransson,U,,SWE,25.76317591,Christopher Rungkat,R,,INA,30.05338809,Antonie Hoang,R,,FRA,24.24914442,Benoit Paire,R,196,FRA,30.74058864,108,771,88,932,233,258,79,1028,51,2,2,47,35,28,8,9,1,1,4,3,54,37,25,6,9,8,11
2020-0891,Pune,Hard,32,A,20200203,264,102968,105781,3,,103893,105882,,,5-7 6-1 (10-8),3,QF,Jonathan Erlich,R,180,ISR,42.83093771,Andrei Vasilevski,R,,BLR,28.68720055,Paolo Lorenzi,R,183,ITA,38.13552361,Stefano Travaglia,U,,ITA,28.12867899,72,1152,93,866,235,252,494,78,78,5,1,57,29,27,20,10,4,5,3,4,61,39,31,10,9,5,7
2020-0891,Pune,Hard,32,A,20200203,263,104646,106368,,,105051,102233,,WC,6-2 6-1,3,QF,Purav Raja,R,,IND,34.15742642,Ramkumar Ramanathan,R,,IND,25.23750856,Matthew Ebden,R,188,AUS,32.1889117,Leander Paes,R,178,IND,46.63107461,91,902,129,608,118,715,117,718,56,3,0,34,25,21,7,7,0,0,0,1,49,28,16,8,8,7,12
2020-0891,Pune,Hard,32,A,20200203,262,104898,102963,1,,122644,105801,,,6-7(5) 6-3 (10-8),3,R32,Robin Haase,R,190,NED,32.82956879,Robert Lindstedt,R,190,SWE,42.87748118,Sander Arends,U,,NED,28.48733744,David Pel,L,,NED,28.57221081,34,2755,75,1100,78,1034,101,825,96,1,5,75,41,33,20,11,0,1,1,5,69,44,34,14,10,4,6
2020-0891,Pune,Hard,32,A,20200203,261,106033,104398,,,103977,138550,,,7-6(5) 4-6 (10-8),3,R32,Romain Arneodo,R,,FRA,27.49897331,Andre Begemann,R,188,GER,35.56194387,Nicholas Monroe,R,178,USA,37.81245722,Jackson J Withrow,U,,USA,26.57631759,103,811,104,808,94,864,76,1087,85,2,1,70,51,39,8,11,4,7,4,5,75,49,34,16,11,0,2
2020-0891,Pune,Hard,32,A,20200203,260,122585,105464,,,105850,104920,4,,3-6 6-4 (10-8),3,R32,Andre Goransson,U,,SWE,25.76317591,Christopher Rungkat,R,,INA,30.05338809,Cheng Peng Hsieh,R,,TPE,28.36687201,Denys Molchanov,R,,UKR,32.72005476,108,771,88,932,77,1081,89,930,65,2,1,65,47,32,9,10,4,6,3,1,57,40,29,12,9,0,1
2020-0891,Pune,Hard,32,A,20200203,259,126156,105332,,,103523,111459,,WC,3-6 7-5 (10-7),3,R32,Antonie Hoang,R,,FRA,24.24914442,Benoit Paire,R,196,FRA,30.74058864,Rohan Bopanna,R,190,IND,39.91786448,Arjun Kadhe,R,,IND,26.07255305,233,258,79,1028,40,2120,219,294,80,3,3,65,44,32,8,10,8,11,5,4,67,46,36,9,11,1,4
2020-0891,Pune,Hard,32,A,20200203,258,103893,105882,,,105575,105539,,,6-3 6-4,3,R32,Paolo Lorenzi,R,183,ITA,38.13552361,Stefano Travaglia,U,,ITA,28.12867899,Ricardas Berankis,R,175,LTU,29.62080767,Evgeny Donskoy,R,185,RUS,29.73853525,235,252,494,78,274,190,,,71,5,3,57,35,28,9,10,4,6,3,4,50,27,18,10,9,2,6
2020-0891,Pune,Hard,32,A,20200203,257,102968,105781,3,,105902,105591,,,4-6 6-3 (10-8),3,R32,Jonathan Erlich,R,180,ISR,42.83093771,Andrei Vasilevski,R,,BLR,28.68720055,James Duckworth,R,183,AUS,28.03559206,Matt Reid,R,,AUS,29.54962355,72,1152,93,866,188,360,83,969,71,4,3,63,37,29,16,10,4,5,3,2,53,39,29,11,9,0,1
2020-0891,Pune,Hard,32,A,20200203,256,104646,106368,,,106078,111576,,Alt,7-6(6) 6-3,3,R32,Purav Raja,R,,IND,34.15742642,Ramkumar Ramanathan,R,,IND,25.23750856,Egor Gerasimov,R,,BLR,27.22792608,Sumit Nagal,R,,IND,22.46680356,91,902,129,608,1131,17,1206,15,91,6,2,67,39,33,12,10,6,7,3,6,67,42,31,12,11,4,7
2020-0891,Pune,Hard,32,A,20200203,255,105051,102233,,WC,104690,104677,2,,6-2 7-6(5),3,R32,Matthew Ebden,R,188,AUS,32.1889117,Leander Paes,R,178,IND,46.63107461,Divij Sharan,L,,IND,33.9247091,Artem Sitak,R,,NZL,33.98494182,118,715,117,718,53,1638,64,1345,84,3,2,66,45,27,17,10,10,10,2,2,54,33,27,13,10,0,2
2020-0506,Buenos Aires,Clay,32,A,20200210,269,104719,104547,1,,105160,106228,,,6-4 5-7 (18-16),3,F,Marcel Granollers,R,190,ESP,33.83162218,Horacio Zeballos,L,188,ARG,34.78986995,Guillermo Duran,R,,ARG,31.67967146,Juan Ignacio Londero,R,,ARG,26.48870637,21,3520,4,5370,101,848,293,180,106,9,1,74,53,40,15,11,2,5,1,0,77,59,41,10,11,2,5
2020-0506,Buenos Aires,Clay,32,A,20200210,268,104719,104547,1,,105269,104235,4,,6-2 7-5,3,SF,Marcel Granollers,R,190,ESP,33.83162218,Horacio Zeballos,L,188,ARG,34.78986995,Marcelo Demoliner,R,,BRA,31.06091718,Matwe Middelkoop,R,,NED,36.43805613,21,3520,4,5370,48,1745,53,1655,74,2,2,49,37,32,5,10,1,2,2,2,61,37,26,8,10,9,13
2020-0506,Buenos Aires,Clay,32,A,20200210,267,105160,106228,,,105695,126115,3,,7-6(4) 6-4,3,SF,Guillermo Duran,R,,ARG,31.67967146,Juan Ignacio Londero,R,,ARG,26.48870637,Sander Gille,R,,BEL,29.07049966,Joran Vliegen,U,,BEL,26.59548255,101,848,293,180,45,1823,37,2138,87,2,3,67,46,31,11,11,6,8,7,1,68,46,31,8,11,5,8
2020-0506,Buenos Aires,Clay,32,A,20200210,266,104719,104547,1,,106329,105262,,,6-3 6-2,3,QF,Marcel Granollers,R,190,ESP,33.83162218,Horacio Zeballos,L,188,ARG,34.78986995,Thiago Monteiro,L,,BRA,25.69746749,Fernando Romboli,R,180,BRA,31.09924709,21,3520,4,5370,467,85,97,865,58,2,1,46,32,26,10,9,5,5,4,3,41,31,20,4,8,1,4
2020-0506,Buenos Aires,Clay,32,A,20200210,265,105269,104235,4,,144719,134770,,,6-3 6-4,3,QF,Marcelo Demoliner,R,,BRA,31.06091718,Matwe Middelkoop,R,,NED,36.43805613,Jaume Munar,R,,ESP,22.76796715,Casper Ruud,R,,NOR,21.13620808,48,1745,53,1655,149,495,207,310,63,1,1,54,38,32,6,10,5,6,1,2,57,44,26,7,9,5,8
2020-0506,Buenos Aires,Clay,32,A,20200210,264,105695,126115,3,,104655,106198,,,W/O,3,QF,Sander Gille,R,,BEL,29.07049966,Joran Vliegen,U,,BEL,26.59548255,Pablo Cuevas,R,180,URU,34.10814511,Hugo Dellien,R,,BOL,26.65297741,45,1823,37,2138,119,715,267,200,0,0,0,0,0,0,0,0,0,0,0,0,0,0,0,0,0,0,0
2020-0506,Buenos Aires,Clay,32,A,20200210,263,105160,106228,,,104665,124079,,Alt,W/O,3,QF,Guillermo Duran,R,,ARG,31.67967146,Juan Ignacio Londero,R,,ARG,26.48870637,Pablo Andujar,R,180,ESP,34.04791239,Pedro Martinez Portero,R,,ESP,22.7926078,101,848,293,180,,,177,403,,,,,,,,,,,,,,,,,,,
2020-0506,Buenos Aires,Clay,32,A,20200210,262,104719,104547,1,,105431,105271,,,7-6(3) 7-5,3,R32,Marcel Granollers,R,190,ESP,33.83162218,Horacio Zeballos,L,188,ARG,34.78986995,Ariel Behar,R,,URU,30.24503765,Gonzalo Escobar,L,,ECU,31.05544148,21,3520,4,5370,71,1160,70,1232,94,2,0,69,50,34,11,12,2,4,4,3,74,57,33,10,12,12,15
2020-0506,Buenos Aires,Clay,32,A,20200210,261,106329,105262,,,207680,126535,,WC,6-3 3-6 (10-5),3,R32,Thiago Monteiro,L,,BRA,25.69746749,Fernando Romboli,R,180,BRA,31.09924709,Facundo Diaz Acosta,U,,ARG,19.15400411,Carlos Taberner,R,,ESP,22.50787132,467,85,97,865,1118,18,1186,15,74,3,3,59,46,33,7,9,5,7,3,2,59,34,24,14,9,4,6
2020-0506,Buenos Aires,Clay,32,A,20200210,260,105269,104235,4,,106065,105077,,,6-4 6-4,3,R32,Marcelo Demoliner,R,,BRA,31.06091718,Matwe Middelkoop,R,,NED,36.43805613,Marco Cecchinato,R,,ITA,27.36208077,Albert Ramos,L,188,ESP,32.06570842,48,1745,53,1655,449,90,288,180,55,4,0,48,37,25,10,10,2,5,2,1,59,40,22,8,10,6,11
2020-0506,Buenos Aires,Clay,32,A,20200210,259,144719,134770,,,105487,105643,,,7-5 6-3,3,R32,Jaume Munar,R,,ESP,22.76796715,Casper Ruud,R,,NOR,21.13620808,Facundo Bagnis,L,,ARG,29.95208761,Federico Delbonis,L,190,ARG,29.34976044,149,495,207,310,253,215,110,760,70,2,0,62,44,32,9,11,3,4,3,3,53,36,24,10,10,1,4
2020-0506,Buenos Aires,Clay,32,A,20200210,258,104655,106198,,,104919,105120,,,6-4 6-4,3,R32,Pablo Cuevas,R,180,URU,34.10814511,Hugo Dellien,R,,BOL,26.65297741,Leonardo Mayer,R,188,ARG,32.74195756,Andres Molteni,R,,ARG,31.90691307,119,715,267,200,96,869,59,1505,75,1,0,53,42,33,7,10,2,2,0,1,55,36,26,12,10,2,4
2020-0506,Buenos Aires,Clay,32,A,20200210,257,105695,126115,3,,105911,105948,,WC,4-6 6-1 (10-2),3,R32,Sander Gille,R,,BEL,29.07049966,Joran Vliegen,U,,BEL,26.59548255,Andrea Collarini,L,,ARG,28.02737851,Federico Coria,R,,ARG,27.92334018,45,1823,37,2138,1210,15,1213,15,69,6,1,56,37,28,11,9,0,1,1,2,49,34,21,8,8,4,6
2020-0506,Buenos Aires,Clay,32,A,20200210,256,105160,106228,,,106099,132283,,,7-5 6-4,3,R32,Guillermo Duran,R,,ARG,31.67967146,Juan Ignacio Londero,R,,ARG,26.48870637,Salvatore Caruso,R,,ITA,27.15400411,Lorenzo Sonego,R,,ITA,24.75290897,101,848,293,180,707,45,447,90,91,2,2,62,37,24,15,11,2,5,0,5,67,42,26,11,11,3,8
2020-0506,Buenos Aires,Clay,32,A,20200210,255,104665,124079,,Alt,104216,104802,2,,6-3 6-1,3,R32,Pablo Andujar,R,180,ESP,34.04791239,Pedro Martinez Portero,R,,ESP,22.7926078,Maximo Gonzalez,R,175,ARG,36.56125941,Fabrice Martin,R,,FRA,33.41546886,,,177,403,32,2830,22,3405,58,0,1,44,27,21,11,8,1,1,1,2,44,27,20,5,8,4,8
2020-0424,New York,Hard,32,A,20200210,269,104693,103529,,,105449,124187,,,7-6(5) 7-6(6),3,F,Dominic Inglot,R,,GBR,33.93292266,Aisam Ul Haq Qureshi,R,183,PAK,39.90143737,Steve Johnson,R,188,USA,30.13004791,Reilly Opelka,R,,USA,22.45311431,61,1430,51,1675,291,180,181,390,93,8,7,77,49,37,17,12,1,4,7,3,79,56,37,15,12,4,7
2020-0424,New York,Hard,32,A,20200210,268,105449,124187,,,105656,110779,,,7-6(3) 6-4,3,SF,Steve Johnson,R,188,USA,30.13004791,Reilly Opelka,R,,USA,22.45311431,Marcelo Arevalo,R,,ESA,29.31690623,Jonny Omara,R,,GBR,24.94455852,291,180,181,390,63,1387,57,1568,65,8,2,67,45,34,14,11,5,5,1,2,59,47,38,6,11,0,1
2020-0424,New York,Hard,32,A,20200210,267,104693,103529,,,103977,106058,,PR,4-6 7-6(3) (10-3),3,SF,Dominic Inglot,R,,GBR,33.93292266,Aisam Ul Haq Qureshi,R,183,PAK,39.90143737,Nicholas Monroe,R,178,USA,37.83162218,Jack Sock,R,185,USA,27.37850787,61,1430,51,1675,104,839,141,540,91,8,3,71,48,38,12,11,2,3,4,4,75,48,34,13,11,5,5
2020-0424,New York,Hard,32,A,20200210,266,105449,124187,,,104690,104677,,,6-3 6-4,3,QF,Steve Johnson,R,188,USA,30.13004791,Reilly Opelka,R,,USA,22.45311431,Divij Sharan,L,,IND,33.94387406,Artem Sitak,R,,NZL,34.00410678,291,180,181,390,56,1573,65,1345,60,11,3,58,38,28,12,10,5,5,4,2,47,24,16,14,9,3,5
2020-0424,New York,Hard,32,A,20200210,265,105656,110779,,,102963,105815,,,6-4 6-7(6) (10-6),3,QF,Marcelo Arevalo,R,,ESA,29.31690623,Jonny Omara,R,,GBR,24.94455852,Robert Lindstedt,R,190,SWE,42.89664613,Tennys Sandgren,R,,USA,28.55578371,63,1387,57,1568,74,1110,208,310,99,1,4,79,56,40,11,11,6,8,6,3,78,53,38,10,11,3,6
2020-0424,New York,Hard,32,A,20200210,264,103977,106058,,PR,105677,105714,,,6-3 6-4,3,QF,Nicholas Monroe,R,178,USA,37.83162218,Jack Sock,R,185,USA,27.37850787,Nikola Cacic,R,,SRB,29.17727584,Hugo Nys,R,,MON,28.98288843,104,839,141,540,66,1328,69,1246,64,2,0,56,35,27,13,10,6,6,3,4,56,36,23,8,9,5,7
2020-0424,New York,Hard,32,A,20200210,263,104693,103529,,,105433,104233,,,4-6 6-1 (10-5),3,QF,Dominic Inglot,R,,GBR,33.93292266,Aisam Ul Haq Qureshi,R,183,PAK,39.90143737,Roman Jebavy,R,,CZE,30.23408624,Frederik Nielsen,R,190,DEN,36.45722108,61,1430,51,1675,76,1055,55,1610,67,7,1,62,40,24,16,9,6,7,1,0,50,44,26,3,8,1,3
2020-0424,New York,Hard,32,A,20200210,262,104690,104677,,,105572,105015,1,,7-6(3) 6-3,3,R32,Divij Sharan,L,,IND,33.94387406,Artem Sitak,R,,NZL,34.00410678,Austin Krajicek,L,,USA,29.65366188,Franco Skugor,R,193,CRO,32.39151266,56,1573,65,1345,43,2030,33,2810,79,8,1,62,44,39,9,11,0,0,3,1,62,42,25,14,10,3,4
2020-0424,New York,Hard,32,A,20200210,261,105449,124187,,,200005,138550,,,6-4 2-6 (10-8),3,R32,Steve Johnson,R,188,USA,30.13004791,Reilly Opelka,R,,USA,22.45311431,Ugo Humbert,L,,FRA,21.62628337,Jackson J Withrow,U,,USA,26.59548255,291,180,181,390,369,119,75,1087,65,13,0,60,49,36,5,9,4,6,6,3,62,37,26,16,9,6,7
2020-0424,New York,Hard,32,A,20200210,260,105656,110779,,,105428,104667,3,,6-3 4-6 (10-8),3,R32,Marcelo Arevalo,R,,ESA,29.31690623,Jonny Omara,R,,GBR,24.94455852,Marcus Daniell,R,190,NZL,30.2532512,Philipp Oswald,R,,AUT,34.04791239,63,1387,57,1568,49,1730,42,2060,80,2,1,59,38,27,13,9,0,1,1,3,68,43,32,9,10,6,8
2020-0424,New York,Hard,32,A,20200210,259,102963,105815,,,900026,900027,,WC,6-1 6-0,3,R32,Robert Lindstedt,R,190,SWE,42.89664613,Tennys Sandgren,R,,USA,28.55578371,,,,,,,,,,,74,1110,208,310,,,,,51,2,1,35,19,17,7,6,4,4,0,3,43,31,13,4,7,1,7
2020-0424,New York,Hard,32,A,20200210,258,105677,105714,,,200175,105302,,,5-7 7-5 (10-6),3,R32,Nikola Cacic,R,,SRB,29.17727584,Hugo Nys,R,,MON,28.98288843,Miomir Kecmanovic,R,,SRB,20.44626968,Ante Pavic,R,,CRO,30.92950034,66,1328,69,1246,205,315,107,806,89,5,3,72,44,33,19,12,6,7,4,3,70,52,41,6,12,6,7
2020-0424,New York,Hard,32,A,20200210,257,103977,106058,,PR,106382,110758,4,,7-6(4) 7-5,3,R32,Nicholas Monroe,R,178,USA,37.83162218,Jack Sock,R,185,USA,27.37850787,Luke Bambridge,R,,GBR,25.05407255,Ben Mclachlan,R,,NZL,27.75359343,104,839,141,540,50,1705,46,1815,85,4,2,69,45,36,17,12,3,3,8,0,72,50,39,11,12,9,10
2020-0424,New York,Hard,32,A,20200210,256,104693,103529,,,104545,126205,,WC,6-4 7-6(3),3,R32,Dominic Inglot,R,,GBR,33.93292266,Aisam Ul Haq Qureshi,R,183,PAK,39.90143737,John Isner,R,206,USA,34.7926078,Tommy Paul,R,,USA,22.73511294,61,1430,51,1675,187,360,570,60,74,5,4,69,43,35,14,11,2,2,1,1,64,43,31,13,11,1,2
2020-0424,New York,Hard,32,A,20200210,255,105433,104233,,,104136,104159,2,,6-4 6-4,3,R32,Roman Jebavy,R,,CZE,30.23408624,Frederik Nielsen,R,190,DEN,36.45722108,Santiago Gonzalez,R,190,MEX,36.96098563,Ken Skupski,L,185,GBR,36.84052019,76,1055,55,1610,38,2123,47,1753,61,1,0,54,41,29,11,10,3,3,2,2,56,43,29,6,10,1,3
2020-0407,Rotterdam,Hard,32,A,20200210,269,105732,103917,2,,105573,105526,,Q,7-6(5) 4-6 (10-7),3,F,Pierre Hugues Herbert,R,188,FRA,28.90075291,Nicolas Mahut,R,190,FRA,38.05338809,Henri Kontinen,R,,FIN,29.64544832,Jan Lennard Struff,R,,GER,29.79603012,30,3040,6,5225,31,2910,58,1540,94,12,4,73,48,40,11,11,5,7,13,3,74,49,41,10,11,1,2
2020-0407,Rotterdam,Hard,32,A,20200210,268,105573,105526,,Q,103523,133430,,,5-7 6-2 (10-8),3,SF,Henri Kontinen,R,,FIN,29.64544832,Jan Lennard Struff,R,,GER,29.79603012,Rohan Bopanna,R,190,IND,39.93702943,Denis Shapovalov,L,,CAN,20.82409309,31,2910,58,1540,41,2065,52,1670,73,3,1,59,32,21,19,10,3,5,7,2,62,38,22,14,10,3,6
2020-0407,Rotterdam,Hard,32,A,20200210,267,105732,103917,2,,104071,103594,,,6-7(6) 7-6(6) (10-7),3,SF,Pierre Hugues Herbert,R,188,FRA,28.90075291,Nicolas Mahut,R,190,FRA,38.05338809,Raven Klaasen,R,180,RSA,37.31964408,Oliver Marach,R,185,AUT,39.57015743,30,3040,6,5225,13,4325,29,3060,118,11,1,83,52,41,25,12,3,3,2,0,87,60,47,17,12,2,2
2020-0407,Rotterdam,Hard,32,A,20200210,266,105573,105526,,Q,104679,105439,,,5-7 6-1 (10-6),3,QF,Henri Kontinen,R,,FIN,29.64544832,Jan Lennard Struff,R,,GER,29.79603012,Jamie Murray,L,190,GBR,33.99041752,Neal Skupski,R,,GBR,30.19301848,31,2910,58,1540,25,3125,28,3075,82,8,2,64,37,27,16,10,6,8,5,0,57,35,22,10,9,0,3
2020-0407,Rotterdam,Hard,32,A,20200210,265,103523,133430,,,103828,104486,4,,6-2 3-6 (10-7),3,QF,Rohan Bopanna,R,190,IND,39.93702943,Denis Shapovalov,L,,CAN,20.82409309,Jean Julien Rojer,R,183,AHO,38.46132786,Horia Tecau,R,193,ROU,35.05817933,41,2065,52,1670,18,3740,17,3740,73,9,3,51,34,26,8,8,4,6,1,5,60,31,26,10,9,4,7
2020-0407,Rotterdam,Hard,32,A,20200210,264,104071,103594,,,200000,128034,,,6-4 6-7(5) (10-8),3,QF,Raven Klaasen,R,180,RSA,37.31964408,Oliver Marach,R,185,AUT,39.57015743,Felix Auger Aliassime,R,,CAN,19.50718686,Hubert Hurkacz,R,,POL,22.99520876,13,4325,29,3060,484,80,263,205,103,4,9,73,48,38,12,11,1,3,11,3,76,48,37,13,11,3,6
2020-0407,Rotterdam,Hard,32,A,20200210,263,105732,103917,2,,104926,104898,,,W/O,3,QF,Pierre Hugues Herbert,R,188,FRA,28.90075291,Nicolas Mahut,R,190,FRA,38.05338809,Fabio Fognini,R,178,ITA,32.71731691,Robin Haase,R,190,NED,32.84873374,30,3040,6,5225,136,575,34,2755,,,,,,,,,,,,,,,,,,,
2020-0407,Rotterdam,Hard,32,A,20200210,262,105573,105526,,Q,105906,105617,1,,6-2 6-2,3,R32,Henri Kontinen,R,,FIN,29.64544832,Jan Lennard Struff,R,,GER,29.79603012,Kevin Krawietz,R,190,GER,28.04654346,Andreas Mies,U,,GER,29.47296372,31,2910,58,1540,11,4445,12,4410,56,3,5,45,25,21,10,8,3,4,2,6,47,31,18,5,8,1,6
2020-0407,Rotterdam,Hard,32,A,20200210,261,104679,105439,,,103781,104273,,,7-6(4) 5-7 (10-7),3,R32,Jamie Murray,L,190,GBR,33.99041752,Neal Skupski,R,,GBR,30.19301848,Jurgen Melzer,L,183,AUT,38.72142368,Edouard Roger Vasselin,R,188,FRA,36.20260096,25,3125,28,3075,36,2285,19,3610,113,4,2,81,51,35,17,12,5,8,1,4,81,54,34,15,12,4,6
2020-0407,Rotterdam,Hard,32,A,20200210,260,103828,104486,4,,126774,102800,,WC,6-2 6-2,3,R32,Jean Julien Rojer,R,183,AHO,38.46132786,Horia Tecau,R,193,ROU,35.05817933,Stefanos Tsitsipas,R,,GRE,21.49760438,Nenad Zimonjic,R,190,SRB,43.68514716,18,3740,17,3740,86,960,407,101,48,5,1,39,25,23,9,8,1,1,3,2,43,30,18,4,8,1,5
2020-0407,Rotterdam,Hard,32,A,20200210,259,103523,133430,,,105188,105030,,,7-6(0) 6-7(5) (10-8),3,R32,Rohan Bopanna,R,190,IND,39.93702943,Denis Shapovalov,L,,CAN,20.82409309,John Peers,R,,AUS,31.54551677,Michael Venus,R,,NZL,32.32032854,41,2065,52,1670,35,2440,14,4200,102,12,2,85,54,40,19,12,6,7,3,4,89,62,44,11,12,3,4
2020-0407,Rotterdam,Hard,32,A,20200210,258,104071,103594,,,122644,105801,,WC,6-3 7-5,3,R32,Raven Klaasen,R,180,RSA,37.31964408,Oliver Marach,R,185,AUT,39.57015743,Sander Arends,U,,NED,28.5065024,David Pel,L,,NED,28.59137577,13,4325,29,3060,78,1024,105,825,67,0,6,53,32,26,8,10,2,4,1,6,53,27,17,14,11,0,5
2020-0407,Rotterdam,Hard,32,A,20200210,257,200000,128034,,,105323,105254,3,,6-3 7-6(9),3,R32,Felix Auger Aliassime,R,,CAN,19.50718686,Hubert Hurkacz,R,,POL,22.99520876,Wesley Koolhof,R,,NED,30.81724846,Nikola Mektic,R,,CRO,31.12936345,484,80,263,205,16,3820,20,3560,90,10,2,69,46,38,13,11,6,6,4,1,66,43,32,13,10,3,4
2020-0407,Rotterdam,Hard,32,A,20200210,256,104926,104898,,,111575,126094,,,7-6(1) 7-6(11),3,R32,Fabio Fognini,R,178,ITA,32.71731691,Robin Haase,R,190,NED,32.84873374,Karen Khachanov,R,,RUS,23.72347707,Andrey Rublev,R,,RUS,22.30800821,136,575,34,2755,80,1000,85,960,108,3,3,87,51,40,14,12,9,11,9,1,86,49,37,14,12,7,9
2020-0407,Rotterdam,Hard,32,A,20200210,255,105732,103917,2,,105332,106207,,,6-3 6-4,3,R32,Pierre Hugues Herbert,R,188,FRA,28.90075291,Nicolas Mahut,R,190,FRA,38.05338809,Benoit Paire,R,196,FRA,30.75975359,Mate Pavic,L,,CRO,26.6036961,30,3040,6,5225,82,983,15,3990,50,2,1,44,32,29,11,10,0,0,5,1,47,36,25,6,9,2,4
2020-0407,Rotterdam,Hard,32,A,20200210,242,105573,105526,1,,134868,122298,,WC,6-3 7-5,3,QF,Henri Kontinen,R,,FIN,29.64544832,Jan Lennard Struff,R,,GER,29.79603012,Tallon Griekspoor,R,,NED,23.60848734,Botic Van De Zandschulp,U,,NED,24.35318275,31,2910,58,1540,477,81,426,93,,3,2,62,40,31,13,11,7,7,0,3,58,37,26,9,10,7,9
2020-0407,Rotterdam,Hard,32,A,20200210,241,105573,105526,1,,200325,206173,,,6-4 3-6 (10-6),3,R32,Henri Kontinen,R,,FIN,29.64544832,Jan Lennard Struff,R,,GER,29.79603012,Emil Ruusuvuori,R,,FIN,20.85968515,Jannik Sinner,U,,ITA,18.48596851,31,2910,58,1540,248,221,392,105,,3,0,61,37,28,10,9,5,6,0,0,59,33,24,15,10,3,4
2020-0407,Rotterdam,Hard,32,A,20200210,240,134868,122298,,WC,122330,104660,2,,6-3 6-7(5) (10-5),3,R32,Tallon Griekspoor,R,,NED,23.60848734,Botic Van De Zandschulp,U,,NED,24.35318275,Alexander Bublik,R,,KAZ,22.65023956,Sergiy Stakhovsky,R,193,UKR,34.09445585,477,81,426,93,100,855,176,404,,2,2,73,43,27,20,10,5,7,2,3,79,54,31,11,11,7,11
2020-0499,Delray Beach,Hard,32,A,20200217,269,103184,103185,1,,106382,110758,4,,3-6 7-5 (10-5),3,F,Bob Bryan,L,193,USA,41.80424367,Mike Bryan,R,190,USA,41.80424367,Luke Bambridge,R,,GBR,25.07323751,Ben Mclachlan,R,,NZL,27.77275838,27,3110,27,3110,53,1705,48,1815,82,3,1,67,51,37,10,11,0,2,7,3,55,35,28,14,10,1,2
2020-0499,Delray Beach,Hard,32,A,20200217,268,103184,103185,1,,105656,110779,,,6-7(5) 6-4 (10-4),3,SF,Bob Bryan,L,193,USA,41.80424367,Mike Bryan,R,190,USA,41.80424367,Marcelo Arevalo,R,,ESA,29.33607118,Jonny Omara,R,,GBR,24.96372348,27,3110,27,3110,61,1460,57,1613,100,1,0,74,54,41,12,11,4,4,0,3,78,55,37,12,11,9,10
2020-0499,Delray Beach,Hard,32,A,20200217,267,106382,110758,4,,105677,105714,,,7-6(1) 7-5,3,SF,Luke Bambridge,R,,GBR,25.07323751,Ben Mclachlan,R,,NZL,27.77275838,Nikola Cacic,R,,SRB,29.19644079,Hugo Nys,R,,MON,29.00205339,53,1705,48,1815,66,1344,70,1201,84,7,0,61,45,39,11,12,1,2,5,2,72,49,36,11,12,3,5
2020-0499,Delray Beach,Hard,32,A,20200217,266,103184,103185,1,,104690,104677,,,6-2 4-6 (10-3),3,QF,Bob Bryan,L,193,USA,41.80424367,Mike Bryan,R,190,USA,41.80424367,Divij Sharan,L,,IND,33.96303901,Artem Sitak,R,,NZL,34.02327173,27,3110,27,3110,59,1593,65,1345,69,2,1,52,31,23,18,9,4,5,2,3,57,35,27,10,9,2,4
2020-0499,Delray Beach,Hard,32,A,20200217,265,105656,110779,,,106328,106261,,WC,6-4 6-4,3,QF,Marcelo Arevalo,R,,ESA,29.33607118,Jonny Omara,R,,GBR,24.96372348,Christian Harrison,R,,USA,25.72210815,Dennis Novikov,R,,USA,26.28062971,61,1460,57,1613,676,48,166,417,68,3,3,54,44,34,5,10,4,5,3,5,56,40,28,5,10,3,6
2020-0499,Delray Beach,Hard,32,A,20200217,264,106382,110758,4,,103977,138550,,WC,6-2 7-6(3),3,QF,Luke Bambridge,R,,GBR,25.07323751,Ben Mclachlan,R,,NZL,27.77275838,Nicholas Monroe,R,178,USA,37.85078713,Jackson J Withrow,U,,USA,26.6146475,53,1705,48,1815,93,909,76,1042,79,6,3,58,33,26,17,10,1,2,2,5,61,41,25,10,10,3,6
2020-0499,Delray Beach,Hard,32,A,20200217,263,105677,105714,,,126203,126205,,,7-6(4) 6-4,3,QF,Nikola Cacic,R,,SRB,29.19644079,Hugo Nys,R,,MON,29.00205339,Taylor Harry Fritz,R,,USA,22.30527036,Tommy Paul,R,,USA,22.75427789,66,1344,70,1201,132,615,573,60,66,3,2,64,36,28,20,11,8,9,4,3,68,41,29,13,11,3,5
2020-0499,Delray Beach,Hard,32,A,20200217,262,103184,103185,1,,106401,111442,,,W/O,3,R32,Bob Bryan,L,193,USA,41.80424367,Mike Bryan,R,190,USA,41.80424367,Nick Kyrgios,R,193,AUS,24.81040383,Jordan Thompson,R,,AUS,25.82888433,27,3110,27,3110,214,305,248,225,0,0,0,0,0,0,0,0,0,0,0,0,0,0,0,0,0,0,0
2020-0499,Delray Beach,Hard,32,A,20200217,261,104690,104677,,,122585,200005,,,5-7 6-4 (10-7),3,R32,Divij Sharan,L,,IND,33.96303901,Artem Sitak,R,,NZL,34.02327173,Andre Goransson,U,,SWE,25.80150582,Ugo Humbert,L,,FRA,21.64544832,59,1593,65,1345,80,1002,454,90,102,5,4,75,40,32,14,11,5,8,1,4,64,42,29,10,11,2,5
2020-0499,Delray Beach,Hard,32,A,20200217,260,105656,110779,,,105428,104667,3,,6-4 6-2,3,R32,Marcelo Arevalo,R,,ESA,29.33607118,Jonny Omara,R,,GBR,24.96372348,Marcus Daniell,R,190,NZL,30.27241615,Philipp Oswald,R,,AUT,34.06707734,61,1460,57,1613,52,1730,41,2060,67,3,1,46,29,20,14,9,2,3,2,3,51,34,23,4,9,5,9
2020-0499,Delray Beach,Hard,32,A,20200217,259,106328,106261,,WC,104693,102963,,,6-4 6-4,3,R32,Christian Harrison,R,,USA,25.72210815,Dennis Novikov,R,,USA,26.28062971,Dominic Inglot,R,,GBR,33.95208761,Robert Lindstedt,R,190,SWE,42.91581109,676,48,166,417,56,1635,74,1065,70,4,5,56,38,31,7,10,5,6,3,6,53,29,22,10,10,2,5
2020-0499,Delray Beach,Hard,32,A,20200217,258,103977,138550,,WC,105173,111456,,PR,7-6(3) 6-3,3,R32,Nicholas Monroe,R,178,USA,37.85078713,Jackson J Withrow,U,,USA,26.6146475,Adrian Mannarino,L,183,FRA,31.63586585,Mackenzie Mcdonald,R,,USA,24.84052019,93,909,76,1042,289,180,340,135,79,4,6,62,36,28,11,10,10,11,1,5,74,49,29,12,11,12,15
2020-0499,Delray Beach,Hard,32,A,20200217,257,106382,110758,4,,105357,105591,,,W/O,3,R32,Luke Bambridge,R,,GBR,25.07323751,Ben Mclachlan,R,,NZL,27.77275838,John Millman,R,183,AUS,30.67761807,Matt Reid,R,,AUS,29.58795346,53,1705,48,1815,,,89,937,0,0,0,0,0,0,0,0,0,0,0,0,0,0,0,0,0,0,0
2020-0499,Delray Beach,Hard,32,A,20200217,256,126203,126205,,,200175,105302,,,7-6(5) 7-5,3,R32,Taylor Harry Fritz,R,,USA,22.30527036,Tommy Paul,R,,USA,22.75427789,Miomir Kecmanovic,R,,SRB,20.46543463,Ante Pavic,R,,CRO,30.9486653,132,615,573,60,210,315,108,806,86,10,5,71,41,33,18,12,2,3,7,2,70,38,29,16,12,4,6
2020-0499,Delray Beach,Hard,32,A,20200217,255,105677,105714,,,104136,104159,2,,6-4 2-6 (10-4),3,R32,Nikola Cacic,R,,SRB,29.19644079,Hugo Nys,R,,MON,29.00205339,Santiago Gonzalez,R,190,MEX,36.98015058,Ken Skupski,L,185,GBR,36.85968515,66,1344,70,1201,43,1973,51,1753,89,3,3,63,34,23,14,9,8,11,1,2,61,39,22,12,9,4,6
2020-0496,Marseille,Hard,32,A,20200217,269,103917,105577,,,105323,105254,2,,6-3 6-4,3,F,Nicolas Mahut,R,190,FRA,38.07255305,Vasek Pospisil,R,193,CAN,29.65366188,Wesley Koolhof,R,,NED,30.83641342,Nikola Mektic,R,,CRO,31.14852841,3,5725,448,90,16,3820,22,3470,72,10,1,51,39,33,7,10,2,2,2,1,51,34,25,6,9,3,5
2020-0496,Marseille,Hard,32,A,20200217,268,103917,105577,,,105906,105617,1,,6-3 6-2,3,SF,Nicolas Mahut,R,190,FRA,38.07255305,Vasek Pospisil,R,193,CAN,29.65366188,Kevin Krawietz,R,190,GER,28.06570842,Andreas Mies,U,,GER,29.49212868,3,5725,448,90,12,4240,13,4205,56,6,0,47,34,30,6,9,2,2,3,4,41,24,17,7,8,1,4
2020-0496,Marseille,Hard,32,A,20200217,267,105323,105254,2,,104233,105047,,,6-4 6-2,3,SF,Wesley Koolhof,R,,NED,30.83641342,Nikola Mektic,R,,CRO,31.14852841,Frederik Nielsen,R,190,DEN,36.47638604,Tim Puetz,R,,GER,32.24640657,16,3820,22,3470,58,1610,63,1360,63,4,1,46,25,19,13,9,1,2,1,4,45,30,17,8,9,2,6
2020-0496,Marseille,Hard,32,A,20200217,266,105906,105617,1,,105332,110754,,,6-2 7-6(5),3,QF,Kevin Krawietz,R,190,GER,28.06570842,Andreas Mies,U,,GER,29.49212868,Benoit Paire,R,196,FRA,30.77891855,David Vega Hernandez,R,,ESP,25.65366188,12,4240,13,4205,84,983,113,757,67,3,1,57,43,36,9,10,0,0,2,3,58,37,26,15,10,3,5
2020-0496,Marseille,Hard,32,A,20200217,265,103917,105577,,,103781,104273,4,,6-3 6-4,3,QF,Nicolas Mahut,R,190,FRA,38.07255305,Vasek Pospisil,R,193,CAN,29.65366188,Jurgen Melzer,L,183,AUT,38.74058864,Edouard Roger Vasselin,R,188,FRA,36.22176591,3,5725,448,90,36,2275,17,3610,59,11,1,49,41,33,4,10,0,1,1,1,46,32,20,9,9,0,3
2020-0496,Marseille,Hard,32,A,20200217,264,104233,105047,,,103523,133430,,,7-5 6-7(3) (10-8),3,QF,Frederik Nielsen,R,190,DEN,36.47638604,Tim Puetz,R,,GER,32.24640657,Rohan Bopanna,R,190,IND,39.95619439,Denis Shapovalov,L,,CAN,20.84325804,58,1610,63,1360,37,2200,46,1850,96,4,3,77,52,39,10,12,1,4,9,2,88,61,43,10,12,4,8
2020-0496,Marseille,Hard,32,A,20200217,263,105323,105254,2,,102968,105781,,,6-3 7-5,3,QF,Wesley Koolhof,R,,NED,30.83641342,Nikola Mektic,R,,CRO,31.14852841,Jonathan Erlich,R,180,ISR,42.86926762,Andrei Vasilevski,R,,BLR,28.72553046,16,3820,22,3470,67,1332,78,1011,73,4,0,56,37,28,15,11,2,3,1,4,55,37,25,8,10,3,6
2020-0496,Marseille,Hard,32,A,20200217,262,105906,105617,1,,202065,126774,,WC,6-4 6-7(5) (10-6),3,R32,Kevin Krawietz,R,190,GER,28.06570842,Andreas Mies,U,,GER,29.49212868,Petros Tsitsipas,U,,GRE,19.55920602,Stefanos Tsitsipas,R,,GRE,21.51676934,12,4240,13,4205,1071,20,87,960,88,3,2,63,47,41,11,11,0,1,4,1,73,47,34,15,11,0,2
2020-0496,Marseille,Hard,32,A,20200217,261,105332,110754,,,122330,200615,,,4-6 6-2 (10-5),3,R32,Benoit Paire,R,196,FRA,30.77891855,David Vega Hernandez,R,,ESP,25.65366188,Alexander Bublik,R,,KAZ,22.66940452,Alexei Popyrin,R,,AUS,20.53661875,84,983,113,757,103,855,1125,17,63,0,6,61,35,28,12,9,3,5,2,3,56,27,21,14,9,0,3
2020-0496,Marseille,Hard,32,A,20200217,260,103781,104273,4,,128034,104468,,,7-6(5) 6-4,3,R32,Jurgen Melzer,L,183,AUT,38.74058864,Edouard Roger Vasselin,R,188,FRA,36.22176591,Hubert Hurkacz,R,,POL,23.01437372,Gilles Simon,R,183,FRA,35.14031485,36,2275,17,3610,218,295,286,180,80,4,1,66,47,36,10,11,3,4,5,1,65,33,24,18,11,2,4
2020-0496,Marseille,Hard,32,A,20200217,259,103917,105577,,,209070,208004,,WC,7-5 6-1,3,R32,Nicolas Mahut,R,190,FRA,38.07255305,Vasek Pospisil,R,193,CAN,29.65366188,Arthur Cazaux,R,,FRA,,Harold Mayot,U,,FRA,18.03422313,3,5725,448,90,,,607,54,65,6,1,55,33,28,11,10,6,7,3,0,50,31,19,7,9,6,10
2020-0496,Marseille,Hard,32,A,20200217,258,103523,133430,,,104620,206173,,,6-7(6) 6-3 (10-6),3,R32,Rohan Bopanna,R,190,IND,39.95619439,Denis Shapovalov,L,,CAN,20.84325804,Simone Bolelli,R,183,ITA,34.36002738,Jannik Sinner,U,,ITA,18.50513347,37,2200,46,1850,73,1116,396,105,92,10,3,79,49,36,15,11,2,4,2,1,75,55,36,8,10,2,5
2020-0496,Marseille,Hard,32,A,20200217,257,104233,105047,,,104679,105439,3,,3-6 6-3 (10-8),3,R32,Frederik Nielsen,R,190,DEN,36.47638604,Tim Puetz,R,,GER,32.24640657,Jamie Murray,L,190,GBR,34.00958248,Neal Skupski,R,,GBR,30.21218344,58,1610,63,1360,26,3125,29,3075,76,6,1,60,47,31,9,9,4,6,2,2,57,41,28,10,9,2,4
2020-0496,Marseille,Hard,32,A,20200217,256,102968,105781,,,105850,104920,,,7-6(3) 6-3,3,R32,Jonathan Erlich,R,180,ISR,42.86926762,Andrei Vasilevski,R,,BLR,28.72553046,Cheng Peng Hsieh,R,,TPE,28.40520192,Denys Molchanov,R,,UKR,32.75838467,67,1332,78,1011,94,898,92,910,82,2,5,61,32,23,20,10,6,7,3,2,72,50,33,8,11,10,13
2020-0496,Marseille,Hard,32,A,20200217,255,105323,105254,2,,105493,105227,,,7-5 1-6 (12-10),3,R32,Wesley Koolhof,R,,NED,30.83641342,Nikola Mektic,R,,CRO,31.14852841,Tomislav Brkic,R,,BIH,29.94387406,Marin Cilic,R,198,CRO,31.38672142,16,3820,22,3470,104,847,444,90,82,3,0,58,41,31,11,9,1,3,6,1,62,42,32,14,10,2,3
2020-6932,Rio De Janeiro,Clay,32,A,20200217,269,104719,104547,3,,106099,105943,,Q,6-4 5-7 (10-7),3,F,Marcel Granollers,R,190,ESP,33.85078713,Horacio Zeballos,L,188,ARG,34.80903491,Salvatore Caruso,R,,ITA,27.17316906,Federico Gaio,R,,ITA,27.95345654,18,3590,4,5370,712,45,501,77,100,5,3,64,47,36,7,11,3,6,3,1,71,39,25,15,11,5,8
2020-6932,Rio De Janeiro,Clay,32,A,20200217,268,104719,104547,3,,200335,106329,,WC,7-6(6) 6-4,3,SF,Marcel Granollers,R,190,ESP,33.85078713,Horacio Zeballos,L,188,ARG,34.80903491,Felipe Meligeni Rodrigues Alves,R,,BRA,21.99315537,Thiago Monteiro,L,,BRA,25.71663244,18,3590,4,5370,168,412,351,130,99,1,2,68,50,34,12,11,5,6,1,2,68,45,31,12,11,2,4
2020-6932,Rio De Janeiro,Clay,32,A,20200217,267,106099,105943,,Q,103997,104249,2,,6-3 3-6 (10-4),3,SF,Salvatore Caruso,R,,ITA,27.17316906,Federico Gaio,R,,ITA,27.95345654,Lukasz Kubot,R,190,POL,37.75770021,Marcelo Melo,R,203,BRA,36.40246407,712,45,501,77,8,4820,9,4820,86,2,2,56,32,24,17,9,3,4,3,5,55,35,26,12,9,0,1
2020-6932,Rio De Janeiro,Clay,32,A,20200217,266,200335,106329,,WC,126197,122425,,WC,6-3 7-6(7),3,QF,Felipe Meligeni Rodrigues Alves,R,,BRA,21.99315537,Thiago Monteiro,L,,BRA,25.71663244,Orlando Luz,R,,BRA,22.02327173,Rafael Matos,U,,BRA,24.11498973,168,412,351,130,135,606,171,406,83,0,1,59,39,29,14,10,3,4,2,3,71,47,31,12,11,4,7
2020-6932,Rio De Janeiro,Clay,32,A,20200217,265,104719,104547,3,,104216,104802,,,6-4 6-7(3) (10-8),3,QF,Marcel Granollers,R,190,ESP,33.85078713,Horacio Zeballos,L,188,ARG,34.80903491,Maximo Gonzalez,R,175,ARG,36.58042437,Fabrice Martin,R,,FRA,33.43463381,18,3590,4,5370,34,2625,23,3405,104,3,1,67,48,38,13,11,6,7,5,1,74,50,40,10,11,2,4
2020-6932,Rio De Janeiro,Clay,32,A,20200217,264,106099,105943,,Q,106207,103946,4,,6-4 4-6 (10-4),3,QF,Salvatore Caruso,R,,ITA,27.17316906,Federico Gaio,R,,ITA,27.95345654,Mate Pavic,L,,CRO,26.62286105,Bruno Soares,R,180,BRA,37.97125257,712,45,501,77,15,3990,24,3230,88,0,3,66,35,25,14,10,10,13,2,3,65,41,26,11,10,4,7
2020-6932,Rio De Janeiro,Clay,32,A,20200217,263,103997,104249,2,,105433,103938,,,6-4 6-2,3,QF,Lukasz Kubot,R,190,POL,37.75770021,Marcelo Melo,R,203,BRA,36.40246407,Roman Jebavy,R,,CZE,30.2532512,Igor Zelenay,R,198,SVK,38.01779603,8,4820,9,4820,75,1055,72,1155,74,5,4,47,28,24,12,9,2,2,1,3,50,29,17,12,9,1,4
2020-6932,Rio De Janeiro,Clay,32,A,20200217,262,126197,122425,,WC,108701,104857,1,,6-1 4-6 (10-8),3,R32,Orlando Luz,R,,BRA,22.02327173,Rafael Matos,U,,BRA,24.11498973,Juan Sebastian Cabal,R,,COL,33.81519507,Robert Farah,R,193,COL,33.07597536,135,606,171,406,2,8260,1,8260,87,2,1,59,43,34,7,9,2,3,2,1,57,41,27,7,8,8,10
2020-6932,Rio De Janeiro,Clay,32,A,20200217,261,200335,106329,,WC,105695,126115,,,7-6(6) 4-6 (10-3),3,R32,Felipe Meligeni Rodrigues Alves,R,,BRA,21.99315537,Thiago Monteiro,L,,BRA,25.71663244,Sander Gille,R,,BEL,29.08966461,Joran Vliegen,U,,BEL,26.6146475,168,412,351,130,45,1868,38,2183,94,4,2,71,49,40,12,11,0,1,2,4,75,49,38,11,11,3,3
2020-6932,Rio De Janeiro,Clay,32,A,20200217,260,104719,104547,3,,106228,105077,,,6-3 6-2,3,R32,Marcel Granollers,R,190,ESP,33.85078713,Horacio Zeballos,L,188,ARG,34.80903491,Juan Ignacio Londero,R,,ARG,26.50787132,Albert Ramos,L,188,ESP,32.08487337,18,3590,4,5370,205,330,452,90,68,1,0,51,35,25,8,9,3,5,0,2,48,31,14,8,8,2,7
2020-6932,Rio De Janeiro,Clay,32,A,20200217,259,104216,104802,,,104665,106148,,,6-4 7-5,3,R32,Maximo Gonzalez,R,175,ARG,36.58042437,Fabrice Martin,R,,FRA,33.43463381,Pablo Andujar,R,180,ESP,34.06707734,Roberto Carballes Baena,R,,ESP,26.90485969,34,2625,23,3405,,,192,360,83,5,0,64,36,28,15,11,4,5,0,2,61,43,30,7,11,4,7
2020-6932,Rio De Janeiro,Clay,32,A,20200217,258,106099,105943,,Q,105431,105271,,,6-4 6-3,3,R32,Salvatore Caruso,R,,ITA,27.17316906,Federico Gaio,R,,ITA,27.95345654,Ariel Behar,R,,URU,30.2642026,Gonzalo Escobar,L,,ECU,31.07460643,712,45,501,77,71,1160,69,1232,61,5,1,44,27,21,15,9,0,0,0,1,52,38,26,9,10,0,3
2020-6932,Rio De Janeiro,Clay,32,A,20200217,257,106207,103946,4,,105120,132283,,,6-7(4) 6-3 (11-9),3,R32,Mate Pavic,L,,CRO,26.62286105,Bruno Soares,R,180,BRA,37.97125257,Andres Molteni,R,,ARG,31.92607803,Lorenzo Sonego,R,,ITA,24.77207392,15,3990,24,3230,60,1505,453,90,104,3,2,69,46,38,10,10,0,1,1,1,77,61,39,8,11,6,9
2020-6932,Rio De Janeiro,Clay,32,A,20200217,256,105433,103938,,,105269,104235,,,5-7 6-3 (10-8),3,R32,Roman Jebavy,R,,CZE,30.2532512,Igor Zelenay,R,198,SVK,38.01779603,Marcelo Demoliner,R,,BRA,31.08008214,Matwe Middelkoop,R,,NED,36.45722108,75,1055,72,1155,49,1790,54,1655,85,3,3,62,38,26,13,10,3,6,1,0,66,48,28,12,11,1,5
2020-6932,Rio De Janeiro,Clay,32,A,20200217,255,103997,104249,2,,105226,105262,,LL,6-3 7-5,3,R32,Lukasz Kubot,R,190,POL,37.75770021,Marcelo Melo,R,203,BRA,36.40246407,Attila Balazs,R,180,HUN,31.38945927,Fernando Romboli,R,180,BRA,31.11841205,8,4820,9,4820,740,42,95,885,79,1,0,56,43,34,8,11,2,4,2,5,59,37,25,8,10,8,12
2020-6932,Rio De Janeiro,Clay,32,A,20200217,242,106099,105943,,,105226,105262,2,,6-3 6-4,3,QF,Salvatore Caruso,R,,ITA,27.17316906,Federico Gaio,R,,ITA,27.95345654,Attila Balazs,R,180,HUN,31.38945927,Fernando Romboli,R,180,BRA,31.11841205,712,45,501,77,740,42,95,885,,1,1,49,39,28,6,9,0,1,0,1,60,43,27,7,10,5,9
2020-6932,Rio De Janeiro,Clay,32,A,20200217,241,106099,105943,,,106198,104919,1,,6-2 6-2,3,R32,Salvatore Caruso,R,,ITA,27.17316906,Federico Gaio,R,,ITA,27.95345654,Hugo Dellien,R,,BOL,26.67214237,Leonardo Mayer,R,188,ARG,32.76112252,712,45,501,77,268,200,99,869,,3,1,48,32,24,8,8,7,7,0,2,46,34,21,6,8,3,7
2020-6932,Rio De Janeiro,Clay,32,A,20200217,240,105226,105262,2,,110778,205734,,WC,1-6 7-6(4) (10-8),3,R32,Attila Balazs,R,180,HUN,31.38945927,Fernando Romboli,R,180,BRA,31.11841205,Joao Lucas Magalhaes Hueb De Menezes,R,,BRA,23.16769336,Thiago Seyboth Wild,R,,BRA,19.93976728,740,42,95,885,494,80,397,105,,1,0,61,47,34,10,9,2,4,5,2,71,49,36,14,10,9,9
2020-M004,Acapulco,Hard,32,A,20200224,269,103997,104249,2,,108701,104857,1,,7-6(6) 6-7(4) (11-9),3,F,Lukasz Kubot,R,190,POL,37.77686516,Marcelo Melo,R,203,BRA,36.42162902,Juan Sebastian Cabal,R,,COL,33.83436003,Robert Farah,R,193,COL,33.09514031,8,4820,8,4820,2,8170,1,8170,151,3,7,86,57,45,15,12,3,5,5,4,91,54,45,16,12,1,3
2020-M004,Acapulco,Hard,32,A,20200224,268,108701,104857,1,,105173,104802,,,6-4 6-2,3,SF,Juan Sebastian Cabal,R,,COL,33.83436003,Robert Farah,R,193,COL,33.09514031,Adrian Mannarino,L,183,FRA,31.6550308,Fabrice Martin,R,,FRA,33.45379877,2,8170,1,8170,345,135,23,3245,76,4,1,47,30,26,10,9,0,0,3,2,54,30,18,12,9,5,8
2020-M004,Acapulco,Hard,32,A,20200224,267,103997,104249,2,,105677,105583,,,6-7(6) 6-0 (10-6),3,SF,Lukasz Kubot,R,190,POL,37.77686516,Marcelo Melo,R,203,BRA,36.42162902,Nikola Cacic,R,,SRB,29.21560575,Dusan Lajovic,R,180,SRB,29.65366188,8,4820,8,4820,62,1405,126,655,93,3,3,64,36,25,21,9,7,8,4,2,63,41,27,11,9,1,5
2020-M004,Acapulco,Hard,32,A,20200224,266,108701,104857,1,,105695,126115,,,6-7(2) 6-4 (10-8),3,QF,Juan Sebastian Cabal,R,,COL,33.83436003,Robert Farah,R,193,COL,33.09514031,Sander Gille,R,,BEL,29.10882957,Joran Vliegen,U,,BEL,26.63381246,2,8170,1,8170,46,1868,39,2183,111,1,4,76,50,35,14,11,10,11,2,3,74,52,39,10,11,3,5
2020-M004,Acapulco,Hard,32,A,20200224,265,105173,104802,,,100644,104999,,WC,6-1 6-4,3,QF,Adrian Mannarino,L,183,FRA,31.6550308,Fabrice Martin,R,,FRA,33.45379877,Alexander Zverev,R,198,GER,22.84736482,Mischa Zverev,L,190,GER,32.50924025,345,135,23,3245,99,860,110,785,56,3,0,45,24,17,17,9,2,3,4,2,43,28,19,4,8,1,5
2020-M004,Acapulco,Hard,32,A,20200224,264,105677,105583,,,104136,104159,,,4-6 6-4 (10-2),3,QF,Nikola Cacic,R,,SRB,29.21560575,Dusan Lajovic,R,180,SRB,29.65366188,Santiago Gonzalez,R,190,MEX,36.99931554,Ken Skupski,L,185,GBR,36.8788501,62,1405,126,655,43,1973,58,1603,79,2,0,59,36,27,13,10,2,5,2,5,64,31,18,16,10,4,7
2020-M004,Acapulco,Hard,32,A,20200224,263,103997,104249,2,,105777,126203,,,W/O,3,QF,Lukasz Kubot,R,190,POL,37.77686516,Marcelo Melo,R,203,BRA,36.42162902,Grigor Dimitrov,R,188,BUL,28.77754962,Taylor Harry Fritz,R,,USA,22.32443532,8,4820,8,4820,752,40,125,660,0,0,0,0,0,0,0,0,0,0,0,0,0,0,0,0,0,0,0
2020-M004,Acapulco,Hard,32,A,20200224,262,108701,104857,1,,106382,110758,,,6-0 7-5,3,R32,Juan Sebastian Cabal,R,,COL,33.83436003,Robert Farah,R,193,COL,33.09514031,Luke Bambridge,R,,GBR,25.09240246,Ben Mclachlan,R,,NZL,27.79192334,2,8170,1,8170,50,1765,48,1815,70,3,1,47,36,29,7,9,3,3,3,3,51,25,20,10,9,2,6
2020-M004,Acapulco,Hard,32,A,20200224,261,105695,126115,,,105334,104960,,LL,6-3 7-6(3),3,R32,Sander Gille,R,,BEL,29.10882957,Joran Vliegen,U,,BEL,26.63381246,Luis David Martinez,U,,VEN,30.7871321,Miguel Angel Reyes Varela,R,,MEX,32.678987,46,1868,39,2183,131,598,89,933,81,1,2,64,38,30,17,11,1,2,1,1,57,38,27,10,10,2,4
2020-M004,Acapulco,Hard,32,A,20200224,260,105173,104802,,,104719,104547,3,,3-6 6-4 (10-6),3,R32,Adrian Mannarino,L,183,FRA,31.6550308,Fabrice Martin,R,,FRA,33.45379877,Marcel Granollers,R,190,ESP,33.86995209,Horacio Zeballos,L,188,ARG,34.82819986,345,135,23,3245,15,4090,4,5780,84,7,3,66,44,29,8,10,2,5,3,4,59,42,30,7,9,6,8
2020-M004,Acapulco,Hard,32,A,20200224,259,100644,104999,,WC,103977,138550,,Q,6-3 6-3,3,R32,Alexander Zverev,R,198,GER,22.84736482,Mischa Zverev,L,190,GER,32.50924025,Nicholas Monroe,R,178,USA,37.86995209,Jackson J Withrow,U,,USA,26.63381246,99,860,110,785,88,934,75,1042,59,7,1,46,35,27,4,9,2,4,5,2,51,29,16,12,9,6,11
2020-M004,Acapulco,Hard,32,A,20200224,258,105677,105583,,,200000,105714,,,6-3 6-2,3,R32,Nikola Cacic,R,,SRB,29.21560575,Dusan Lajovic,R,180,SRB,29.65366188,Felix Auger Aliassime,R,,CAN,19.54551677,Hugo Nys,R,,MON,29.02121834,62,1405,126,655,299,170,69,1246,65,0,0,41,25,22,8,8,1,2,2,2,57,29,17,11,9,4,9
2020-M004,Acapulco,Hard,32,A,20200224,257,104136,104159,,,126845,106291,4,,4-6 7-6(0) (10-2),3,R32,Santiago Gonzalez,R,190,MEX,36.99931554,Ken Skupski,L,185,GBR,36.8788501,Max Purcell,U,,AUS,21.89459274,Luke Saville,R,,AUS,26.06160164,43,1973,58,1603,40,2067,37,2200,88,0,2,72,45,31,17,11,3,6,5,1,69,50,36,7,11,2,4
2020-M004,Acapulco,Hard,32,A,20200224,256,105777,126203,,,105428,104667,,,7-5 3-6 (12-10),3,R32,Grigor Dimitrov,R,188,BUL,28.77754962,Taylor Harry Fritz,R,,USA,22.32443532,Marcus Daniell,R,190,NZL,30.29158111,Philipp Oswald,R,,AUT,34.0862423,752,40,125,660,51,1730,42,2015,95,4,4,68,41,31,16,11,5,8,4,5,66,38,32,10,10,3,5
2020-M004,Acapulco,Hard,32,A,20200224,255,103997,104249,2,,103852,104043,,WC,7-5 6-4,3,R32,Lukasz Kubot,R,190,POL,37.77686516,Marcelo Melo,R,203,BRA,36.42162902,Feliciano Lopez,L,188,ESP,38.42847365,Marc Lopez,R,175,ESP,37.5687885,8,4820,8,4820,53,1645,192,360,79,5,3,62,34,25,18,11,2,3,5,1,66,47,31,10,11,7,10
2020-M004,Acapulco,Hard,32,A,20200224,242,103977,138550,2,,105334,104960,,,6-3 6-4,3,QF,Nicholas Monroe,R,178,USA,37.86995209,Jackson J Withrow,U,,USA,26.63381246,Luis David Martinez,U,,VEN,30.7871321,Miguel Angel Reyes Varela,R,,MEX,32.678987,88,934,75,1042,131,598,89,933,,1,5,61,33,25,14,10,5,6,2,3,50,34,22,6,9,2,5
2020-M004,Acapulco,Hard,32,A,20200224,241,105334,104960,,,105430,105572,1,,6-4 2-6 (15-13),3,R32,Luis David Martinez,U,,VEN,30.7871321,Miguel Angel Reyes Varela,R,,MEX,32.678987,Radu Albot,R,,MDA,30.28610541,Austin Krajicek,L,,USA,29.69199179,131,598,89,933,136,580,41,2030,,1,2,66,45,34,6,9,5,8,6,4,63,47,30,7,9,4,6
2020-M004,Acapulco,Hard,32,A,20200224,240,103977,138550,2,,200415,120798,,WC,3-6 6-4 (10-7),3,R32,Nicholas Monroe,R,178,USA,37.86995209,Jackson J Withrow,U,,USA,26.63381246,Robert Galloway,R,,USA,27.41683778,Hans Hach Verdugo,U,,MEX,30.28610541,88,934,75,1042,155,485,122,676,,2,5,62,42,31,8,9,3,6,3,2,63,36,26,14,10,3,6
2020-0495,Dubai,Hard,32,A,20200224,269,105188,105030,,,104071,103594,4,,6-3 6-2,3,F,John Peers,R,,AUS,31.58384668,Michael Venus,R,,NZL,32.35865845,Raven Klaasen,R,180,RSA,37.35797399,Oliver Marach,R,185,AUT,39.60848734,33,2440,14,4200,11,4460,25,3150,59,8,0,49,29,24,12,9,2,2,0,1,44,33,20,7,8,2,5
2020-0495,Dubai,Hard,32,A,20200224,268,105188,105030,,,103781,104273,,,7-6(2) 6-2,3,SF,John Peers,R,,AUS,31.58384668,Michael Venus,R,,NZL,32.35865845,Jurgen Melzer,L,183,AUT,38.75975359,Edouard Roger Vasselin,R,188,FRA,36.24093087,33,2440,14,4200,35,2230,18,3610,81,8,5,63,39,32,12,10,3,3,6,2,60,45,28,10,10,1,3
2020-0495,Dubai,Hard,32,A,20200224,267,104071,103594,4,,105573,105526,,Q,6-3 6-2,3,SF,Raven Klaasen,R,180,RSA,37.35797399,Oliver Marach,R,185,AUT,39.60848734,Henri Kontinen,R,,FIN,29.68377823,Jan Lennard Struff,R,,GER,29.83436003,11,4460,25,3150,32,2755,45,1885,61,1,2,43,29,24,8,8,7,7,1,2,51,31,20,9,9,5,9
2020-0495,Dubai,Hard,32,A,20200224,266,105188,105030,,,104330,110749,1,,6-4 6-2,3,QF,John Peers,R,,AUS,31.58384668,Michael Venus,R,,NZL,32.35865845,Rajeev Ram,R,193,USA,35.93702943,Joe Salisbury,U,,GBR,27.84668036,33,2440,14,4200,6,5270,5,5360,59,2,2,49,27,21,14,9,6,7,0,2,46,27,15,12,9,0,4
2020-0495,Dubai,Hard,32,A,20200224,265,103781,104273,,,105906,105617,3,,6-4 7-6(1),3,QF,Jurgen Melzer,L,183,AUT,38.75975359,Edouard Roger Vasselin,R,188,FRA,36.24093087,Kevin Krawietz,R,190,GER,28.08487337,Andreas Mies,U,,GER,29.51129363,35,2230,18,3610,12,4285,13,4250,84,2,2,68,53,39,7,11,3,5,5,5,66,45,30,11,11,8,11
2020-0495,Dubai,Hard,32,A,20200224,264,104071,103594,4,,105323,105254,,,7-5 6-4,3,QF,Raven Klaasen,R,180,RSA,37.35797399,Oliver Marach,R,185,AUT,39.60848734,Wesley Koolhof,R,,NED,30.85557837,Nikola Mektic,R,,CRO,31.16769336,11,4460,25,3150,17,3880,22,3530,73,4,4,55,29,25,19,11,0,0,3,1,54,38,25,14,11,0,2
2020-0495,Dubai,Hard,32,A,20200224,263,105573,105526,,Q,105051,102233,,WC,6-3 6-3,3,QF,Henri Kontinen,R,,FIN,29.68377823,Jan Lennard Struff,R,,GER,29.83436003,Matthew Ebden,R,188,AUS,32.24640657,Leander Paes,R,178,IND,46.68856947,32,2755,45,1885,104,825,114,748,55,4,4,48,28,24,12,9,2,2,1,2,46,29,21,7,9,2,5
2020-0495,Dubai,Hard,32,A,20200224,262,104330,110749,1,,105227,104925,,,6-2 6-2,3,R32,Rajeev Ram,R,193,USA,35.93702943,Joe Salisbury,U,,GBR,27.84668036,Marin Cilic,R,198,CRO,31.40588638,Novak Djokovic,R,188,SRB,32.76112252,6,5270,5,5360,446,90,139,570,55,3,2,43,27,23,9,8,2,2,1,0,45,31,19,5,8,0,4
2020-0495,Dubai,Hard,32,A,20200224,261,105188,105030,,,105732,105332,,,6-4 6-4,3,R32,John Peers,R,,AUS,31.58384668,Michael Venus,R,,NZL,32.35865845,Pierre Hugues Herbert,R,188,FRA,28.93908282,Benoit Paire,R,196,FRA,30.7980835,33,2440,14,4200,19,3540,77,1028,61,2,3,52,35,27,10,10,3,4,4,1,52,32,24,9,10,3,6
2020-0495,Dubai,Hard,32,A,20200224,260,105906,105617,3,,103828,104486,,,6-4 6-7(7) (10-8),3,R32,Kevin Krawietz,R,190,GER,28.08487337,Andreas Mies,U,,GER,29.51129363,Jean Julien Rojer,R,183,AHO,38.49965777,Horia Tecau,R,193,ROU,35.09650924,12,4285,13,4250,21,3530,20,3530,106,3,1,71,47,40,16,11,0,0,4,5,77,47,33,19,11,4,5
2020-0495,Dubai,Hard,32,A,20200224,259,103781,104273,,,104679,105439,,,6-1 7-6(2),3,R32,Jurgen Melzer,L,183,AUT,38.75975359,Edouard Roger Vasselin,R,188,FRA,36.24093087,Jamie Murray,L,190,GBR,34.02874743,Neal Skupski,R,,GBR,30.23134839,35,2230,18,3610,26,3125,29,3015,76,1,2,56,36,25,14,9,3,4,5,1,63,45,26,10,10,7,11
2020-0495,Dubai,Hard,32,A,20200224,258,105323,105254,,,138304,900022,,WC,6-0 6-1,3,R32,Wesley Koolhof,R,,NED,30.85557837,Nikola Mektic,R,,CRO,31.16769336,Abdulrahman Al Janahi,R,,UAE,25.27583847,,,,,,17,3880,22,3530,,,,,50,1,0,29,21,19,4,6,0,1,2,7,40,19,10,2,7,1,8
2020-0495,Dubai,Hard,32,A,20200224,257,104071,103594,4,,111575,126094,,,7-6(4) 6-3,3,R32,Raven Klaasen,R,180,RSA,37.35797399,Oliver Marach,R,185,AUT,39.60848734,Karen Khachanov,R,,RUS,23.76180698,Andrey Rublev,R,,RUS,22.34633812,11,4460,25,3150,79,1000,84,960,82,1,5,64,33,28,20,11,0,0,6,4,64,39,30,11,10,8,9
2020-0495,Dubai,Hard,32,A,20200224,256,105573,105526,,Q,106207,103946,,,7-6(2) 7-6(4),3,R32,Henri Kontinen,R,,FIN,29.68377823,Jan Lennard Struff,R,,GER,29.83436003,Mate Pavic,L,,CRO,26.64202601,Bruno Soares,R,180,BRA,37.99041752,32,2755,45,1885,16,3990,24,3230,95,9,4,77,47,36,19,12,3,4,4,1,75,49,36,14,12,1,2
2020-0495,Dubai,Hard,32,A,20200224,255,105051,102233,,WC,104471,104583,2,,6-4 6-3,3,R32,Matthew Ebden,R,188,AUS,32.24640657,Leander Paes,R,178,IND,46.68856947,Ivan Dodig,R,183,CRO,35.1430527,Filip Polasek,R,196,SVK,34.59548255,104,825,114,748,10,4800,7,4930,67,1,3,48,31,25,9,9,4,5,3,4,59,39,23,9,10,4,8
2020-0495,Dubai,Hard,32,A,20200224,242,105573,105526,1,,103523,105807,2,,6-3 3-6 (10-6),3,QF,Henri Kontinen,R,,FIN,29.68377823,Jan Lennard Struff,R,,GER,29.83436003,Rohan Bopanna,R,190,IND,39.97535934,Pablo Carreno Busta,R,188,ESP,28.62149213,32,2755,45,1885,38,2200,109,790,,3,0,55,37,31,11,9,3,4,2,0,60,43,32,7,9,5,6
2020-0495,Dubai,Hard,32,A,20200224,241,105573,105526,1,,105341,200325,,,W/O,3,R32,Henri Kontinen,R,,FIN,29.68377823,Jan Lennard Struff,R,,GER,29.83436003,Thomas Fabbiano,R,,ITA,30.74880219,Emil Ruusuvuori,R,,FIN,20.89801506,32,2755,45,1885,303,168,251,221,,0,0,0,0,0,0,0,0,0,0,0,0,0,0,0,0,0,0
2020-0495,Dubai,Hard,32,A,20200224,240,103523,105807,2,,104586,104678,,WC,6-4 7-5,3,R32,Rohan Bopanna,R,190,IND,39.97535934,Pablo Carreno Busta,R,188,ESP,28.62149213,Lukas Rosol,R,196,CZE,34.58726899,Viktor Troicki,R,193,SRB,34.03696099,38,2200,109,790,509,75,221,294,,1,4,63,36,27,17,11,4,4,5,5,66,42,29,12,11,3,5
2020-8996,Santiago,Clay,32,A,20200224,269,106148,200221,,,105656,110779,2,,7-6(3) 6-1,3,F,Roberto Carballes Baena,R,,ESP,26.92402464,Alejandro Davidovich Fokina,R,,ESP,20.72279261,Marcelo Arevalo,R,,ESA,29.35523614,Jonny Omara,R,,GBR,24.98288843,193,360,957,25,60,1460,55,1613,70,6,1,57,39,30,13,10,2,3,1,4,51,36,23,7,9,1,4
2020-8996,Santiago,Clay,32,A,20200224,268,106148,200221,,,144642,126214,,WC,6-3 6-2,3,SF,Roberto Carballes Baena,R,,ESP,26.92402464,Alejandro Davidovich Fokina,R,,ESP,20.72279261,Marcelo Tomas Barrios Vera,U,,CHI,22.20670773,Alejandro Tabilo,L,,CHI,22.72963723,193,360,957,25,431,94,401,105,69,3,2,48,31,24,11,9,3,4,1,1,50,29,20,6,8,4,8
2020-8996,Santiago,Clay,32,A,20200224,267,105656,110779,2,,105487,104655,,,7-6(5) 6-4,3,SF,Marcelo Arevalo,R,,ESA,29.35523614,Jonny Omara,R,,GBR,24.98288843,Facundo Bagnis,L,,ARG,29.99041752,Pablo Cuevas,R,180,URU,34.14647502,60,1460,55,1613,255,215,118,715,97,2,1,61,48,39,9,11,4,5,6,3,70,47,32,13,11,5,7
2020-8996,Santiago,Clay,32,A,20200224,266,144642,126214,,WC,105269,104235,1,,1-6 6-3 (10-8),3,QF,Marcelo Tomas Barrios Vera,U,,CHI,22.20670773,Alejandro Tabilo,L,,CHI,22.72963723,Marcelo Demoliner,R,,BRA,31.09924709,Matwe Middelkoop,R,,NED,36.47638604,431,94,401,105,52,1725,59,1534,69,0,2,58,36,24,12,8,6,8,7,1,50,34,27,9,8,1,2
2020-8996,Santiago,Clay,32,A,20200224,265,106148,200221,,,104690,104677,3,,6-3 3-6 (10-4),3,QF,Roberto Carballes Baena,R,,ESP,26.92402464,Alejandro Davidovich Fokina,R,,ESP,20.72279261,Divij Sharan,L,,IND,33.98220397,Artem Sitak,R,,NZL,34.04243669,193,360,957,25,57,1605,66,1345,81,2,1,58,34,21,15,9,5,8,0,6,62,38,27,6,9,5,8
2020-8996,Santiago,Clay,32,A,20200224,264,105487,104655,,,105431,105271,4,,6-3 6-4,3,QF,Facundo Bagnis,L,,ARG,29.99041752,Pablo Cuevas,R,180,URU,34.14647502,Ariel Behar,R,,URU,30.28336756,Gonzalo Escobar,L,,ECU,31.09377139,255,215,118,715,72,1160,71,1199,62,3,0,46,33,30,10,10,0,0,1,1,46,28,19,13,9,2,4
2020-8996,Santiago,Clay,32,A,20200224,263,105656,110779,2,,105948,106228,,,7-6(3) 6-3,3,QF,Marcelo Arevalo,R,,ESA,29.35523614,Jonny Omara,R,,GBR,24.98288843,Federico Coria,R,,ARG,27.96167009,Juan Ignacio Londero,R,,ARG,26.52703628,60,1460,55,1613,1222,15,204,330,63,5,2,61,46,39,10,11,0,0,4,1,56,44,29,10,10,2,3
2020-8996,Santiago,Clay,32,A,20200224,262,105269,104235,1,,106198,122585,,,5-7 6-3 (10-8),3,R32,Marcelo Demoliner,R,,BRA,31.09924709,Matwe Middelkoop,R,,NED,36.47638604,Hugo Dellien,R,,BOL,26.69130732,Andre Goransson,U,,SWE,25.82067077,52,1725,59,1534,270,200,87,937,79,3,2,67,42,32,14,11,5,7,1,0,57,41,29,11,10,0,2
2020-8996,Santiago,Clay,32,A,20200224,261,144642,126214,,WC,105643,105160,,,4-6 6-3 (10-5),3,R32,Marcelo Tomas Barrios Vera,U,,CHI,22.20670773,Alejandro Tabilo,L,,CHI,22.72963723,Federico Delbonis,L,190,ARG,29.38809035,Guillermo Duran,R,,ARG,31.71800137,431,94,401,105,112,760,80,983,76,2,0,62,44,34,9,10,3,5,1,2,56,38,26,8,9,5,7
2020-8996,Santiago,Clay,32,A,20200224,260,104690,104677,3,,106329,105262,,,7-6(5) 7-6(2),3,R32,Divij Sharan,L,,IND,33.98220397,Artem Sitak,R,,NZL,34.04243669,Thiago Monteiro,L,,BRA,25.7357974,Fernando Romboli,R,180,BRA,31.137577,57,1605,66,1345,215,310,94,885,97,5,4,76,43,36,20,12,5,5,4,1,72,47,35,18,12,3,3
2020-8996,Santiago,Clay,32,A,20200224,259,106148,200221,,,106174,205734,,WC,6-4 7-5,3,R32,Roberto Carballes Baena,R,,ESP,26.92402464,Alejandro Davidovich Fokina,R,,ESP,20.72279261,Gonzalo Lama,R,,CHI,26.82819986,Thiago Seyboth Wild,R,,BRA,19.95893224,193,360,957,25,900,29,489,80,67,3,0,52,44,36,8,11,0,0,3,0,58,40,26,12,11,2,4
2020-8996,Santiago,Clay,32,A,20200224,258,105487,104655,,,106033,104398,,,7-6(2) 6-4,3,R32,Facundo Bagnis,L,,ARG,29.99041752,Pablo Cuevas,R,180,URU,34.14647502,Romain Arneodo,R,,FRA,27.55646817,Andre Begemann,R,188,GER,35.61943874,255,215,118,715,95,876,93,897,79,1,0,61,42,34,15,11,1,1,1,2,66,48,35,10,11,1,2
2020-8996,Santiago,Clay,32,A,20200224,257,105431,105271,4,,104919,105120,,,7-5 7-5,3,R32,Ariel Behar,R,,URU,30.28336756,Gonzalo Escobar,L,,ECU,31.09377139,Leonardo Mayer,R,188,ARG,32.78028747,Andres Molteni,R,,ARG,31.94524298,72,1160,71,1199,97,869,65,1354,89,3,1,60,43,36,11,12,3,4,5,4,70,48,34,7,12,7,10
2020-8996,Santiago,Clay,32,A,20200224,256,105948,106228,,,122644,105801,,,6-4 1-6 (10-3),3,R32,Federico Coria,R,,ARG,27.96167009,Juan Ignacio Londero,R,,ARG,26.52703628,Sander Arends,U,,NED,28.54483231,David Pel,L,,NED,28.62970568,1222,15,204,330,78,1014,100,860,65,0,0,50,40,30,3,8,0,2,0,9,57,28,23,12,9,0,1
2020-8996,Santiago,Clay,32,A,20200224,255,105656,110779,2,,105433,103938,,,6-4 4-6 (10-6),3,R32,Marcelo Arevalo,R,,ESA,29.35523614,Jonny Omara,R,,GBR,24.98288843,Roman Jebavy,R,,CZE,30.27241615,Igor Zelenay,R,198,SVK,38.03696099,60,1460,55,1613,82,965,70,1200,88,2,4,60,37,30,11,10,3,5,2,4,68,47,28,12,10,7,9
2020-M-DC-2020-QLS-M-ARG-COL-01,Davis Cup QLS R1: ARG vs COL,Clay,4,D,20200306,3,108701,104857,,,104216,104547,,,6-3 6-7(3) 7-5,3,RR,Juan Sebastian Cabal,R,,COL,33.85352498,Robert Farah,R,193,COL,33.11430527,Maximo Gonzalez,R,175,ARG,36.61875428,Horacio Zeballos,L,188,ARG,34.84736482,2,8380,1,8380,42,1965,4,5780,148,3,8,90,56,50,21,17,0,0,10,2,93,64,46,19,16,4,6
2020-M-DC-2020-QLS-M-AUS-BRA-01,Davis Cup QLS R1: AUS vs BRA,Hard,4,D,20200306,3,105269,200335,,,105902,105188,,,5-7 7-5 7-6(6),3,RR,Marcelo Demoliner,R,,BRA,31.11841205,Felipe Meligeni Rodrigues Alves,R,,BRA,22.03148528,James Duckworth,R,183,AUS,28.11225188,John Peers,R,,AUS,31.60301164,48,1745,132,582,191,360,31,2850,174,4,2,112,81,55,17,18,5,9,5,3,167,119,75,22,18,13,17
2020-M-DC-2020-QLS-M-AUT-URU-01,Davis Cup QLS R1: AUT vs URU,Hard,4,D,20200306,3,103594,103781,,,105431,104655,,,4-6 6-3 7-5,3,RR,Oliver Marach,R,185,AUT,39.62765229,Jurgen Melzer,L,183,AUT,38.77891855,Ariel Behar,R,,URU,30.30253251,Pablo Cuevas,R,180,URU,34.16563997,23,3360,35,2365,72,1176,111,760,125,0,3,81,50,42,21,16,1,2,4,3,101,78,53,12,15,1,3
2020-M-DC-2020-QLS-M-BEL-HUN-01,Davis Cup QLS R1: BEL vs HUN,Clay,4,D,20200306,3,105695,126115,,,105226,105916,,,3-6 6-1 6-4,3,RR,Sander Gille,R,,BEL,29.12799452,Joran Vliegen,U,,BEL,26.65297741,Attila Balazs,R,180,HUN,31.42778919,Marton Fucsovics,R,,HUN,28.06297057,43,1913,36,2225,544,67,338,135,119,3,0,87,67,49,11,13,8,9,3,4,74,51,33,15,13,4,7
2020-M-DC-2020-QLS-M-CRO-IND-01,Davis Cup QLS R1: CRO vs IND,Hard,4,D,20200306,3,103523,102233,,,106207,105015,,,6-3 6-7(9) 7-5,3,RR,Rohan Bopanna,R,190,IND,39.9945243,Leander Paes,R,178,IND,46.70773443,Mate Pavic,L,,CRO,26.66119097,Franco Skugor,R,193,CRO,32.44900753,37,2200,115,748,15,3990,32,2810,141,3,1,97,74,55,15,17,1,3,14,2,115,87,58,16,16,5,9
2020-M-DC-2020-QLS-M-CZE-SVK-01,Davis Cup QLS R1: CZE vs SVK,Clay,4,D,20200306,3,104583,103938,,,207797,144645,,,6-4 6-4,3,RR,Filip Polasek,R,196,SVK,34.6146475,Igor Zelenay,R,198,SVK,38.05612594,Jonas Forejtek,R,,CZE,18.97878166,Zdenek Kolar,U,,CZE,23.39493498,8,4930,70,1200,339,134,214,299,80,1,2,50,34,32,9,10,0,0,1,4,85,57,37,12,10,7,9
2020-M-DC-2020-QLS-M-GER-BLR-01,Davis Cup QLS R1: GER vs BLR,Hard,4,D,20200306,3,105906,105617,,,125802,105781,,,6-4 7-6(5),3,RR,Kevin Krawietz,R,190,GER,28.10403833,Andreas Mies,U,,GER,29.53045859,Ilya Ivashka,R,,BLR,26.01779603,Andrei Vasilevski,R,,BLR,28.76386037,13,4330,14,4295,,,75,1041,90,6,0,65,43,32,15,11,0,0,7,1,71,55,43,5,11,4,5
2020-M-DC-2020-QLS-M-JPN-ECU-01,Davis Cup QLS R1: JPN vs ECU,Hard,4,D,20200306,3,105271,106165,,,110758,106034,,,7-6(3) 6-3,3,RR,Gonzalo Escobar,L,,ECU,31.11293635,Diego Hidalgo,U,,ECU,26.87200548,Ben Mclachlan,R,,NZL,27.8110883,Yasutaka Uchiyama,R,,JPN,27.57289528,69,1229,257,220,58,1560,431,93,102,5,1,82,56,42,15,11,8,8,10,3,69,54,40,7,10,4,5
2020-M-DC-2020-QLS-M-KAZ-NED-01,Davis Cup QLS R1: KAZ vs NED,Hard,4,D,20200306,3,104979,104873,,,104898,103828,,,6-3 6-3,3,RR,Andrey Golubev,R,185,KAZ,32.61327858,Aleksandr Nedovyesov,R,,KAZ,33.04312115,Robin Haase,R,190,NED,32.90622861,Jean Julien Rojer,R,183,AHO,38.51882272,125,632,140,566,33,2755,21,3440,70,3,0,51,31,25,14,9,2,2,1,5,56,36,23,10,9,3,6
2020-M-DC-2020-QLS-M-SWE-CHI-01,Davis Cup QLS R1: SWE vs CHI,Hard,4,D,20200306,3,105436,102963,,,144642,126214,,,6-4 6-4,3,RR,Markus Eriksson,R,,SWE,30.25598905,Robert Lindstedt,R,190,SWE,42.954141,Marcelo Tomas Barrios Vera,U,,CHI,22.22587269,Alejandro Tabilo,L,,CHI,22.74880219,260,211,79,973,285,184,276,195,74,3,1,58,38,26,11,10,1,3,1,2,51,39,22,7,10,2,6
2020-M-DC-2020-QLS-M-USA-UZB-01,Davis Cup QLS R1: USA vs UZB,Hard,4,D,20200306,3,103184,103185,,,122109,104797,,,6-3 6-4,3,RR,Bob Bryan,L,193,USA,41.84257358,Mike Bryan,R,190,USA,41.84257358,Sanjar Fayziev,U,,UZB,25.59342916,Denis Istomin,R,188,UZB,33.48391513,27,3020,27,3020,474,86,320,152,67,1,0,45,33,28,9,10,0,1,1,3,66,48,30,8,9,7,10
2020-M-DC-2020-WG1-PO-BIH-RSA-01,Davis Cup WG1 PO: BIH vs RSA,Hard,4,D,20200306,3,105806,105493,,,104071,105434,,,7-6(4) 6-3,3,RR,Mirza Basic,R,,BIH,28.64065708,Tomislav Brkic,R,,BIH,29.98220397,Raven Klaasen,R,180,RSA,37.37713895,Ruan Roelofse,R,,RSA,30.28610541,,,106,814,12,4680,217,284,81,2,0,65,41,30,14,11,2,3,2,0,64,47,30,11,10,3,6
2020-M-DC-2020-WG1-PO-BOL-DOM-01,Davis Cup WG1 PO: BOL vs DOM,Clay,4,D,20200306,3,106198,105156,,,106232,200572,,,6-3 6-2,3,RR,Hugo Dellien,R,,BOL,26.71047228,Federico Zeballos,U,,BOL,31.75633128,Roberto Cid,R,,DOM,26.50513347,Nick Hardt,U,,DOM,19.44695414,271,200,245,231,343,133,629,54,76,1,3,49,34,22,10,9,0,1,0,2,57,34,18,7,8,4,9
2020-M-DC-2020-WG1-PO-LBN-THA-01,Davis Cup WG1 PO: LBN vs THA,Clay,4,D,20200306,3,133975,133301,,,205934,205935,,,6-3 6-7(7) 6-0,3,RR,Benjamin Hassan,U,,GER,25.07323751,Giovani Samaha,L,,LIB,25.63449692,Kittirat Kerdlaphee,U,,THA,20.39151266,Phongsapak Kerdlaphee,R,,THA,21.82067077,1303,12,949,26,1616,6,2234,2,110,6,3,75,46,35,19,14,1,2,1,4,88,48,27,20,13,2,8
2020-M-DC-2020-WG1-PO-LTU-POR-01,Davis Cup WG1 PO: LTU vs POR,Hard,4,D,20200306,3,105311,105155,,,105827,108748,,,6-3 6-1,3,RR,Joao Sousa,R,185,POR,30.92402464,Pedro Sousa,R,180,POR,31.76454483,Laurynas Grigelis,R,183,LTU,28.55030801,Lukas Mugevicius,R,,LTU,25.23477071,65,1305,301,171,347,131,,,53,2,1,44,30,25,9,8,4,4,1,3,49,35,21,4,8,5,9
2020-M-DC-2020-WG1-PO-MEX-FIN-01,Davis Cup WG1 PO: MEX vs FIN,Clay,4,D,20200306,3,105349,105573,,,104136,104960,,,6-3 7-6(6),3,RR,Harri Heliovaara,R,,FIN,30.74332649,Henri Kontinen,R,,FIN,29.70294319,Santiago Gonzalez,R,190,MEX,37.01848049,Miguel Angel Reyes Varela,R,,MEX,32.69815195,137,574,30,2890,41,1973,87,933,94,7,3,74,48,38,17,11,5,5,3,1,68,41,28,19,10,3,4
2020-M-DC-2020-WG1-PO-NOR-BAR-01,Davis Cup WG1 PO: NOR vs BAR,Hard,4,D,20200306,3,126340,134770,,,104656,209868,,,6-3 6-2,3,RR,Viktor Durasovic,U,,NOR,22.954141,Casper Ruud,R,,NOR,21.19370294,Haydn Lewis,L,,BAR,34.16290212,Kaipo Marshall,,,BAR,17.94934976,466,87,194,355,,,,,68,4,0,44,35,29,7,9,0,0,3,4,60,39,28,6,8,4,7
2020-M-DC-2020-WG1-PO-PER-SUI-01,Davis Cup WG1 PO: PER vs SUI,Clay,4,D,20200306,3,105456,106410,,,105757,105928,,,7-5 7-6(8),3,RR,Sergio Galdos,R,,PER,30.16290212,Jorge Brian Panta Herreros,U,,PER,24.61327858,Sandro Ehrat,R,180,SUI,28.8733744,Luca Margaroli,R,,SUI,28.04380561,196,348,402,103,577,62,131,592,109,4,1,69,53,40,11,12,1,3,7,5,95,60,45,12,12,5,8
2020-M-DC-2020-WG1-PO-TUR-ISR-01,Davis Cup WG1 PO: TUR vs ISR,Clay,4,D,20200306,3,131951,102968,,,207129,117356,,,6-3 6-1,3,RR,Daniel Cukierman,U,,ISR,24.64887064,Jonathan Erlich,R,180,ISR,42.90759754,Yanki Erel,L,,TUR,19.43326489,Cem Ilkel,R,,TUR,24.53114305,703,46,64,1360,1118,18,717,45,69,0,4,52,28,18,15,8,3,4,1,2,61,47,23,6,8,5,10
2020-M-DC-2020-WG1-PO-UKR-TPE-01,Davis Cup WG1 PO: UKR vs TPE,Hard,4,D,20200306,3,104920,104660,,,105850,105738,,,6-7(4) 6-4 6-4,3,RR,Denys Molchanov,R,,UKR,32.79671458,Sergiy Stakhovsky,R,193,UKR,34.15195072,Cheng Peng Hsieh,R,,TPE,28.44353183,Tsung Hua Yang,R,,TPE,28.92813142,93,883,173,404,95,871,170,411,133,6,4,94,56,43,26,16,2,2,2,4,115,74,54,22,16,8,10
2020-M-DC-2020-WG1-PO-VEN-NZL-01,Davis Cup WG1 PO: VEN vs NZL,Hard,4,D,20200306,3,105428,104677,,,105334,105467,,,6-3 7-6(3),3,RR,Marcus Daniell,R,190,NZL,30.31074606,Artem Sitak,R,,NZL,34.06160164,Luis David Martinez,U,,VEN,30.80629706,Jordi Munoz Abreu,U,,VEN,30.12183436,49,1730,73,1090,128,608,995,23,94,3,3,72,46,34,18,11,1,1,0,2,67,45,33,11,10,3,4
2020-M-DC-2020-WG2-PO-CRC-BUL-01,Davis Cup WG2 PO: CRC vs BUL,Hard,4,D,20200306,3,132374,121331,,,202090,200247,,,7-6(9) 4-6 7-6(10),3,RR,Jesse Flores,U,,CAN,24.92265572,Pablo Nunez,R,,CRC,28.88980151,Adrian Andreev,U,,BUL,18.80629706,Alexandar Lazarov,R,,BUL,22.31895962,1470,8,,,1611,6,486,82,,,,,,,,,,,,,,,,,,,
2020-M-DC-2020-WG2-PO-DEN-PUR-01,Davis Cup WG2 PO: DEN vs PUR,Hard,4,D,20200306,3,126526,104233,,,200620,144687,,,6-1 6-2,3,RR,Soren Hess Olesen,U,,DEN,29.14442163,Frederik Nielsen,R,190,DEN,36.51471595,Ignacio Garcia,,,PUR,,Quinton Vega,R,,USA,27.27446954,,,55,1610,,,1706,4,,,,,,,,,,,,,,,,,,,
2020-M-DC-2020-WG2-PO-ESA-JAM-01,Davis Cup WG2 PO: ESA vs JAM,Hard,4,D,20200306,3,105656,207976,,,209080,202120,,,6-3 6-2,3,RR,Marcelo Arevalo,R,,ESA,29.3744011,Lluis Miralles,U,,ESP,19.35660507,Blaise Bicknell,U,,USA,,Rowland Phillips,U,,JAM,26.10540726,57,1565,,,2057,2,1140,17,,,,,,,,,,,,,,,,,,,
2020-M-DC-2020-WG2-PO-GEO-EST-01,Davis Cup WG2 PO: GEO vs EST,Hard,4,D,20200306,3,104901,144940,,,106223,106106,,,3-6 6-3 6-3,3,RR,Vladimir Ivanov,R,,EST,32.89527721,Mattias Siimar,U,,EST,22.0752909,Aleksandre Metreveli,R,,GEO,26.55989049,George Tsivadze,U,,GEO,27.16221766,536,69,894,29,1110,18,555,66,,,,,,,,,,,,,,,,,,,
2020-M-DC-2020-WG2-PO-GUA-TUN-01,Davis Cup WG2 PO: GUA vs TUN,Hard,4,D,20200306,3,121411,104291,,,209238,108739,,,7-6(4) 7-5,3,RR,Moez Chargui,R,,TUN,27.14031485,Malek Jaziri,R,185,TUN,36.11498973,Sebastian Dominguez,,,GUA,17.69472964,Wilfredo Gonzalez,R,,GUA,27.15126626,727,44,291,180,,,838,34,,,,,,,,,,,,,,,,,,,
2020-M-DC-2020-WG2-PO-INA-KEN-01,Davis Cup WG2 PO: INA vs KEN,Hard,4,D,20200306,3,105464,105812,,,208043,208114,,,6-7(2) 7-6(6) 7-6(3),3,RR,Christopher Rungkat,R,,INA,30.13004791,David Agung Susanto,U,,INA,28.61601643,Ismael Changawa Ruwa Mzai,L,,KEN,23.68240931,Ibrahim Kibet Yego,U,,KEN,23.85489391,80,964,1050,20,,,1499,7,,,,,,,,,,,,,,,,,,,
2020-M-DC-2020-WG2-PO-LAT-EGY-01,Davis Cup WG2 PO: LAT vs EGY,Hard,4,D,20200306,3,105208,209866,,,105747,105633,,,6-3 6-4,3,RR,Ernests Gulbis,R,190,LAT,,Karlis Ozolins,U,,LVA,28.61601643,Karim Mohamed Maamoun,R,,EGY,28.89801506,Mohamed Safwat,R,183,EGY,29.45106092,440,90,,,682,48,729,44,,,,,,,,,,,,,,,,,,,
2020-M-DC-2020-WG2-PO-MAR-VIE-01,Davis Cup WG2 PO: MAR vs VIE,Clay,4,D,20200306,3,104917,104467,,,109042,122533,,,6-4 6-1,3,RR,Anas Fattar,R,,MAR,32.80766598,Lamine Ouahab,R,185,ALG,35.19233402,Quoc Khanh Le,R,,VIE,37.49760438,Nam Hoang Ly,R,,VIE,23.01437372,683,48,942,26,,,1293,12,,,,,,,,,,,,,,,,,,,
2020-M-DC-2020-WG2-PO-PAR-SRI-01,Davis Cup WG2 PO: PAR vs SRI,Clay,4,D,20200306,3,134677,137018,,,202462,134886,,,6-1 6-4,3,RR,Juan Borba,R,,PAR,23.88774812,Ayed Zatar,R,,PAR,23.92607803,Yasitha De Silva,,,SRI,24.66529774,Sharmal Dissanayake,R,,SRI,23.80013689,,,,,,,,,,,,,,,,,,,,,,,,,,,
2020-M-DC-2020-WG2-PO-PHI-GRE-01,Davis Cup WG2 PO: PHI vs GRE,Clay,4,D,20200306,3,108717,104604,,,109737,202065,,,7-6(5) 6-4,3,RR,Francis Casey Alcantara,U,,PHI,28.07392197,Ruben Gonzales,R,,PHI,34.47227926,Markos Kalovelonis,R,,GRE,25.79055441,Petros Tsitsipas,U,,GRE,19.59753593,537,69,212,307,503,77,1072,20,,,,,,,,,,,,,,,,,,,
2020-M-DC-2020-WG2-PO-POL-HKG-01,Davis Cup WG2 PO: POL vs HKG,Hard,4,D,20200306,3,126166,126591,,,205695,106388,,,6-3 6-7(6) 6-3,3,RR,Szymon Walkow,R,,POL,24.44353183,Jan Zielinski,R,,POL,23.29089665,Ching Lam,R,,HKG,20.49555099,Pak Long Yeung,U,,HKG,25.045859,182,389,295,178,,,557,66,,,,,,,,,,,,,,,,,,,
2020-M-DC-2020-WG2-PO-SYR-ZIM-01,Davis Cup WG2 PO: SYR vs ZIM,Hard,4,D,20200306,3,111761,144747,,,200153,208518,,,6-1 4-6 6-3,3,RR,Benjamin Lock,R,,ZIM,26.99520876,Courtney John Lock,R,,ZIM,23.37029432,Yacoub Makzoume,R,,SYR,24.83230664,Hazem Naw,R,,UNK,20.1670089,231,267,327,146,,,1929,2,,,,,,,,,,,,,,,,,,,